unique_id,ds,y
andaman and nicobar,2018-07-01,194.66
andaman and nicobar,2018-08-01,214.62
andaman and nicobar,2018-09-01,256.96
andaman and nicobar,2018-10-01,213.03
andaman and nicobar,2018-11-01,206.8
andaman and nicobar,2018-12-01,373.21
andaman and nicobar,2019-01-01,222.51
andaman and nicobar,2019-02-01,195.88
andaman and nicobar,2019-03-01,321.53
andaman and nicobar,2019-04-01,229.59
andaman and nicobar,2019-05-01,276.99
andaman and nicobar,2019-06-01,190.68
andaman and nicobar,2019-07-01,217.12
andaman and nicobar,2019-08-01,228.28
andaman and nicobar,2019-09-01,210.03
andaman and nicobar,2019-10-01,255.35
andaman and nicobar,2019-11-01,252.5
andaman and nicobar,2019-12-01,258.95
andaman and nicobar,2020-01-01,320.81
andaman and nicobar,2020-02-01,267.52
andaman and nicobar,2020-03-01,257.846
andaman and nicobar,2020-04-01,248.172
andaman and nicobar,2020-05-01,238.498
andaman and nicobar,2020-06-01,228.824
andaman and nicobar,2020-07-01,219.15
andaman and nicobar,2020-08-01,166.92
andaman and nicobar,2020-09-01,207.0
andaman and nicobar,2020-10-01,196.24
andaman and nicobar,2020-11-01,188.58
andaman and nicobar,2020-12-01,245.77
andaman and nicobar,2021-01-01,261.13
andaman and nicobar,2021-02-01,271.06
andaman and nicobar,2021-03-01,303.85
andaman and nicobar,2021-04-01,258.15
andaman and nicobar,2021-05-01,128.86
andaman and nicobar,2021-06-01,142.98
andaman and nicobar,2021-07-01,221.51
andaman and nicobar,2021-08-01,262.28
andaman and nicobar,2021-09-01,273.09
andaman and nicobar,2021-10-01,148.23
andaman and nicobar,2021-11-01,267.18
andaman and nicobar,2021-12-01,312.36
andaman and nicobar,2022-01-01,280.87
andaman and nicobar,2022-02-01,310.16
andaman and nicobar,2022-03-01,356.63
andaman and nicobar,2022-04-01,351.51
andaman and nicobar,2022-05-01,339.06
andaman and nicobar,2022-06-01,299.77
andaman and nicobar,2022-07-01,337.06
andaman and nicobar,2022-08-01,361.46
andaman and nicobar,2022-09-01,365.97
andaman and nicobar,2022-10-01,375.94
andaman and nicobar,2022-11-01,368.46
andaman and nicobar,2022-12-01,383.84
andaman and nicobar,2023-01-01,337.99
andaman and nicobar,2023-02-01,392.48
andaman and nicobar,2023-03-01,478.0
andaman and nicobar,2023-04-01,380.63
andaman and nicobar,2023-05-01,358.26
andaman and nicobar,2023-06-01,356.27
andaman and nicobar,2023-07-01,340.9
andaman and nicobar,2023-08-01,357.39
andaman and nicobar,2023-09-01,352.19
andaman and nicobar,2023-10-01,357.41
andaman and nicobar,2023-11-01,344.1
andaman and nicobar,2023-12-01,381.15
andaman and nicobar,2024-01-01,387.06
andaman and nicobar,2024-02-01,398.66
andaman and nicobar,2024-03-01,464.68
andaman and nicobar,2024-04-01,415.61
andaman and nicobar,2024-05-01,419.59
andaman and nicobar,2024-06-01,340.75
andaman and nicobar,2024-07-01,363.34
andaman and nicobar,2024-08-01,404.33
andaman and nicobar,2024-09-01,428.14
andaman and nicobar,2024-10-01,464.35
andaman and nicobar,2024-11-01,527.99
andaman and nicobar,2024-12-01,609.93
andaman and nicobar,2025-01-01,555.09
andaman and nicobar,2025-02-01,476.1
andaman and nicobar,2025-03-01,660.07
andaman and nicobar,2025-04-01,569.69
andaman and nicobar,2025-05-01,537.2
andaman and nicobar,2025-06-01,535.23
andaman and nicobar,2025-07-01,456.2
andaman and nicobar,2025-08-01,541.39
andaman and nicobar,2025-09-01,603.49
andaman and nicobar,2025-10-01,466.32
andaman and nicobar,2025-11-01,545.64
andaman and nicobar,2025-12-01,731.53
andaman and nicobar,2026-01-01,633.63
andaman and nicobar,2026-02-01,646.75
andaman and nicobar,2026-03-01,893.08
andaman and nicobar,2026-04-01,643.78
andaman and nicobar,2026-05-01,590.0
andaman and nicobar,2026-06-01,672.0
andaman and nicobar,2026-07-01,588.39
andhra pradesh,2018-07-01,66363.08
andhra pradesh,2018-08-01,75121.15
andhra pradesh,2018-09-01,73458.71
andhra pradesh,2018-10-01,75928.59
andhra pradesh,2018-11-01,72597.85
andhra pradesh,2018-12-01,73963.12
andhra pradesh,2019-01-01,70727.94
andhra pradesh,2019-02-01,69871.22
andhra pradesh,2019-03-01,79289.57
andhra pradesh,2019-04-01,66791.34
andhra pradesh,2019-05-01,70812.45
andhra pradesh,2019-06-01,67253.31
andhra pradesh,2019-07-01,69369.19
andhra pradesh,2019-08-01,68403.92
andhra pradesh,2019-09-01,68352.16
andhra pradesh,2019-10-01,69329.26
andhra pradesh,2019-11-01,72763.82
andhra pradesh,2019-12-01,78215.34
andhra pradesh,2020-01-01,76555.22
andhra pradesh,2020-02-01,75200.41
andhra pradesh,2020-03-01,73495.992
andhra pradesh,2020-04-01,71791.57400000001
andhra pradesh,2020-05-01,70087.156
andhra pradesh,2020-06-01,68382.73800000001
andhra pradesh,2020-07-01,66678.32
andhra pradesh,2020-08-01,70591.46
andhra pradesh,2020-09-01,80114.11
andhra pradesh,2020-10-01,79986.15
andhra pradesh,2020-11-01,77393.26
andhra pradesh,2020-12-01,91642.41
andhra pradesh,2021-01-01,85294.57
andhra pradesh,2021-02-01,85987.58
andhra pradesh,2021-03-01,100631.23
andhra pradesh,2021-04-01,90685.57
andhra pradesh,2021-05-01,75253.94
andhra pradesh,2021-06-01,86856.1
andhra pradesh,2021-07-01,95832.12
andhra pradesh,2021-08-01,96348.34
andhra pradesh,2021-09-01,98671.99
andhra pradesh,2021-10-01,90513.21
andhra pradesh,2021-11-01,96248.74
andhra pradesh,2021-12-01,108159.94
andhra pradesh,2022-01-01,104705.27
andhra pradesh,2022-02-01,107469.37
andhra pradesh,2022-03-01,121201.79
andhra pradesh,2022-04-01,147989.28
andhra pradesh,2022-05-01,109829.95
andhra pradesh,2022-06-01,118595.71
andhra pradesh,2022-07-01,117564.35
andhra pradesh,2022-08-01,116408.45
andhra pradesh,2022-09-01,120418.15
andhra pradesh,2022-10-01,118179.9
andhra pradesh,2022-11-01,116383.14
andhra pradesh,2022-12-01,126360.74
andhra pradesh,2023-01-01,115718.95
andhra pradesh,2023-02-01,114339.29
andhra pradesh,2023-03-01,128165.7
andhra pradesh,2023-04-01,115506.4
andhra pradesh,2023-05-01,118920.26
andhra pradesh,2023-06-01,119297.0
andhra pradesh,2023-07-01,119863.49
andhra pradesh,2023-08-01,124232.57
andhra pradesh,2023-09-01,118796.92
andhra pradesh,2023-10-01,122035.91
andhra pradesh,2023-11-01,115847.29
andhra pradesh,2023-12-01,124889.83
andhra pradesh,2024-01-01,122144.78
andhra pradesh,2024-02-01,123621.04
andhra pradesh,2024-03-01,133731.39
andhra pradesh,2024-04-01,115260.74
andhra pradesh,2024-05-01,118010.1
andhra pradesh,2024-06-01,118504.9
andhra pradesh,2024-07-01,122402.81
andhra pradesh,2024-08-01,124822.95
andhra pradesh,2024-09-01,124912.75
andhra pradesh,2024-10-01,126225.54
andhra pradesh,2024-11-01,122586.75
andhra pradesh,2024-12-01,129120.14
andhra pradesh,2025-01-01,133288.61
andhra pradesh,2025-02-01,124549.67
andhra pradesh,2025-03-01,142705.81
andhra pradesh,2025-04-01,127316.97
andhra pradesh,2025-05-01,130278.5
andhra pradesh,2025-06-01,127214.17
andhra pradesh,2025-07-01,138349.91
andhra pradesh,2025-08-01,134126.14
andhra pradesh,2025-09-01,141346.78
andhra pradesh,2025-10-01,133817.29
andhra pradesh,2025-11-01,138032.51
andhra pradesh,2025-12-01,153530.46
andhra pradesh,2026-01-01,148543.63
andhra pradesh,2026-02-01,146394.98
andhra pradesh,2026-03-01,167827.35
andhra pradesh,2026-04-01,153743.27
andhra pradesh,2026-05-01,157519.48
andhra pradesh,2026-06-01,162538.58
andhra pradesh,2026-07-01,173417.17
arunachal pradesh,2018-07-01,394.15
arunachal pradesh,2018-08-01,457.22
arunachal pradesh,2018-09-01,495.06
arunachal pradesh,2018-10-01,492.75
arunachal pradesh,2018-11-01,573.99
arunachal pradesh,2018-12-01,521.68
arunachal pradesh,2019-01-01,557.78
arunachal pradesh,2019-02-01,506.1
arunachal pradesh,2019-03-01,677.56
arunachal pradesh,2019-04-01,471.44
arunachal pradesh,2019-05-01,484.71
arunachal pradesh,2019-06-01,465.48
arunachal pradesh,2019-07-01,487.19
arunachal pradesh,2019-08-01,524.01
arunachal pradesh,2019-09-01,526.93
arunachal pradesh,2019-10-01,512.77
arunachal pradesh,2019-11-01,604.14
arunachal pradesh,2019-12-01,506.31
arunachal pradesh,2020-01-01,631.59
arunachal pradesh,2020-02-01,638.15
arunachal pradesh,2020-03-01,580.294
arunachal pradesh,2020-04-01,522.438
arunachal pradesh,2020-05-01,464.582
arunachal pradesh,2020-06-01,406.726
arunachal pradesh,2020-07-01,348.87
arunachal pradesh,2020-08-01,567.57
arunachal pradesh,2020-09-01,647.84
arunachal pradesh,2020-10-01,653.6
arunachal pradesh,2020-11-01,652.7
arunachal pradesh,2020-12-01,816.89
arunachal pradesh,2021-01-01,792.29
arunachal pradesh,2021-02-01,751.83
arunachal pradesh,2021-03-01,956.54
arunachal pradesh,2021-04-01,784.87
arunachal pradesh,2021-05-01,536.8
arunachal pradesh,2021-06-01,613.53
arunachal pradesh,2021-07-01,735.18
arunachal pradesh,2021-08-01,705.66
arunachal pradesh,2021-09-01,780.2
arunachal pradesh,2021-10-01,817.07
arunachal pradesh,2021-11-01,864.91
arunachal pradesh,2021-12-01,955.96
arunachal pradesh,2022-01-01,935.23
arunachal pradesh,2022-02-01,942.08
arunachal pradesh,2022-03-01,1296.73
arunachal pradesh,2022-04-01,967.28
arunachal pradesh,2022-05-01,930.07
arunachal pradesh,2022-06-01,903.25
arunachal pradesh,2022-07-01,937.76
arunachal pradesh,2022-08-01,977.93
arunachal pradesh,2022-09-01,1024.29
arunachal pradesh,2022-10-01,900.43
arunachal pradesh,2022-11-01,1015.54
arunachal pradesh,2022-12-01,1115.82
arunachal pradesh,2023-01-01,1100.35
arunachal pradesh,2023-02-01,1114.27
arunachal pradesh,2023-03-01,1675.22
arunachal pradesh,2023-04-01,1242.88
arunachal pradesh,2023-05-01,1209.1
arunachal pradesh,2023-06-01,1106.91
arunachal pradesh,2023-07-01,1042.9
arunachal pradesh,2023-08-01,1105.39
arunachal pradesh,2023-09-01,1153.27
arunachal pradesh,2023-10-01,1170.91
arunachal pradesh,2023-11-01,1168.06
arunachal pradesh,2023-12-01,1301.62
arunachal pradesh,2024-01-01,1170.02
arunachal pradesh,2024-02-01,1260.34
arunachal pradesh,2024-03-01,1546.11
arunachal pradesh,2024-04-01,1118.88
arunachal pradesh,2024-05-01,1286.32
arunachal pradesh,2024-06-01,1103.92
arunachal pradesh,2024-07-01,1084.11
arunachal pradesh,2024-08-01,1214.18
arunachal pradesh,2024-09-01,1272.71
arunachal pradesh,2024-10-01,1190.08
arunachal pradesh,2024-11-01,1263.13
arunachal pradesh,2024-12-01,1430.71
arunachal pradesh,2025-01-01,1417.95
arunachal pradesh,2025-02-01,1341.81
arunachal pradesh,2025-03-01,2023.93
arunachal pradesh,2025-04-01,1765.94
arunachal pradesh,2025-05-01,1757.49
arunachal pradesh,2025-06-01,1566.63
arunachal pradesh,2025-07-01,1638.11
arunachal pradesh,2025-08-01,1779.67
arunachal pradesh,2025-09-01,1744.18
arunachal pradesh,2025-10-01,1701.16
arunachal pradesh,2025-11-01,1985.85
arunachal pradesh,2025-12-01,2125.41
arunachal pradesh,2026-01-01,1892.24
arunachal pradesh,2026-02-01,2164.55
arunachal pradesh,2026-03-01,2783.65
arunachal pradesh,2026-04-01,1823.96
arunachal pradesh,2026-05-01,1933.09
arunachal pradesh,2026-06-01,1767.24
arunachal pradesh,2026-07-01,1743.11
assam,2018-07-01,17874.21
assam,2018-08-01,19486.03
assam,2018-09-01,20663.8
assam,2018-10-01,20210.24
assam,2018-11-01,19597.6
assam,2018-12-01,19777.44
assam,2019-01-01,19280.13
assam,2019-02-01,19770.31
assam,2019-03-01,22471.04
assam,2019-04-01,20142.58
assam,2019-05-01,21380.43
assam,2019-06-01,19409.23
assam,2019-07-01,18960.65
assam,2019-08-01,20652.65
assam,2019-09-01,20651.93
assam,2019-10-01,19327.43
assam,2019-11-01,21018.32
assam,2019-12-01,18264.21
assam,2020-01-01,19879.57
assam,2020-02-01,21348.59
assam,2020-03-01,20530.848
assam,2020-04-01,19713.106
assam,2020-05-01,18895.364
assam,2020-06-01,18077.622
assam,2020-07-01,17259.88
assam,2020-08-01,20348.12
assam,2020-09-01,23182.58
assam,2020-10-01,23171.35
assam,2020-11-01,22483.71
assam,2020-12-01,24984.83
assam,2021-01-01,23330.15
assam,2021-02-01,24238.25
assam,2021-03-01,27882.83
assam,2021-04-01,25156.41
assam,2021-05-01,18788.55
assam,2021-06-01,19996.69
assam,2021-07-01,22701.41
assam,2021-08-01,25061.78
assam,2021-09-01,27107.05
assam,2021-10-01,23620.79
assam,2021-11-01,26479.14
assam,2021-12-01,29376.74
assam,2022-01-01,27240.16
assam,2022-02-01,27514.73
assam,2022-03-01,32458.44
assam,2022-04-01,29033.92
assam,2022-05-01,27418.41
assam,2022-06-01,26852.12
assam,2022-07-01,28555.77
assam,2022-08-01,31844.54
assam,2022-09-01,32487.46
assam,2022-10-01,28289.77
assam,2022-11-01,31695.03
assam,2022-12-01,32959.9
assam,2023-01-01,30836.99
assam,2023-02-01,31416.34
assam,2023-03-01,37289.56
assam,2023-04-01,31808.31
assam,2023-05-01,32743.78
assam,2023-06-01,30165.43
assam,2023-07-01,31047.39
assam,2023-08-01,32314.06
assam,2023-09-01,33924.4
assam,2023-10-01,33382.0
assam,2023-11-01,32434.28
assam,2023-12-01,34311.6
assam,2024-01-01,32453.35
assam,2024-02-01,34991.5
assam,2024-03-01,40299.85
assam,2024-04-01,33663.49
assam,2024-05-01,35820.9
assam,2024-06-01,32986.52
assam,2024-07-01,33109.87
assam,2024-08-01,34440.74
assam,2024-09-01,36060.1
assam,2024-10-01,34237.33
assam,2024-11-01,34184.68
assam,2024-12-01,35875.74
assam,2025-01-01,35776.93
assam,2025-02-01,35106.6
assam,2025-03-01,41670.67
assam,2025-04-01,35871.44
assam,2025-05-01,36892.54
assam,2025-06-01,34830.49
assam,2025-07-01,38374.98
assam,2025-08-01,37910.0
assam,2025-09-01,36283.56
assam,2025-10-01,36357.69
assam,2025-11-01,38490.79
assam,2025-12-01,41607.41
assam,2026-01-01,38753.88
assam,2026-02-01,40407.23
assam,2026-03-01,45018.77
assam,2026-04-01,37700.67
assam,2026-05-01,40353.99
assam,2026-06-01,41003.54
assam,2026-07-01,41573.94
bihar,2018-07-01,18787.14
bihar,2018-08-01,19170.09
bihar,2018-09-01,20041.73
bihar,2018-10-01,21869.72
bihar,2018-11-01,19715.32
bihar,2018-12-01,20905.25
bihar,2019-01-01,21596.89
bihar,2019-02-01,21944.25
bihar,2019-03-01,25746.2
bihar,2019-04-01,23807.46
bihar,2019-05-01,24352.65
bihar,2019-06-01,22690.89
bihar,2019-07-01,20382.97
bihar,2019-08-01,21304.18
bihar,2019-09-01,21912.79
bihar,2019-10-01,22391.97
bihar,2019-11-01,22572.71
bihar,2019-12-01,22641.03
bihar,2020-01-01,23320.93
bihar,2020-02-01,24347.49
bihar,2020-03-01,23616.086000000003
bihar,2020-04-01,22884.682
bihar,2020-05-01,22153.278000000002
bihar,2020-06-01,21421.874
bihar,2020-07-01,20690.47
bihar,2020-08-01,23299.44
bihar,2020-09-01,25649.25
bihar,2020-10-01,26156.35
bihar,2020-11-01,24688.29
bihar,2020-12-01,27129.27
bihar,2021-01-01,25991.36
bihar,2021-02-01,27326.96
bihar,2021-03-01,33564.22
bihar,2021-04-01,29722.28
bihar,2021-05-01,21909.68
bihar,2021-06-01,26575.37
bihar,2021-07-01,27252.03
bihar,2021-08-01,26998.04
bihar,2021-09-01,29422.96
bihar,2021-10-01,25791.07
bihar,2021-11-01,26628.1
bihar,2021-12-01,31522.3
bihar,2022-01-01,31334.01
bihar,2022-02-01,31852.71
bihar,2022-03-01,38310.75
bihar,2022-04-01,35709.1
bihar,2022-05-01,35113.9
bihar,2022-06-01,33947.12
bihar,2022-07-01,33687.54
bihar,2022-08-01,34356.1
bihar,2022-09-01,35874.56
bihar,2022-10-01,33230.09
bihar,2022-11-01,35022.38
bihar,2022-12-01,36459.93
bihar,2023-01-01,36332.35
bihar,2023-02-01,37153.51
bihar,2023-03-01,42265.32
bihar,2023-04-01,38880.71
bihar,2023-05-01,39215.23
bihar,2023-06-01,37020.63
bihar,2023-07-01,35721.63
bihar,2023-08-01,35857.72
bihar,2023-09-01,37499.52
bihar,2023-10-01,38678.56
bihar,2023-11-01,36842.0
bihar,2023-12-01,40810.95
bihar,2024-01-01,39683.26
bihar,2024-02-01,40676.05
bihar,2024-03-01,46123.34
bihar,2024-04-01,40617.19
bihar,2024-05-01,42597.77
bihar,2024-06-01,40662.62
bihar,2024-07-01,38499.07
bihar,2024-08-01,39216.18
bihar,2024-09-01,42992.95
bihar,2024-10-01,44344.59
bihar,2024-11-01,39229.89
bihar,2024-12-01,43391.1
bihar,2025-01-01,46861.41
bihar,2025-02-01,44340.65
bihar,2025-03-01,52934.06
bihar,2025-04-01,46753.92
bihar,2025-05-01,48852.19
bihar,2025-06-01,45716.83
bihar,2025-07-01,46050.18
bihar,2025-08-01,45287.0
bihar,2025-09-01,49343.31
bihar,2025-10-01,46979.54
bihar,2025-11-01,50209.4
bihar,2025-12-01,52605.47
bihar,2026-01-01,54438.23
bihar,2026-02-01,54133.6
bihar,2026-03-01,58584.47
bihar,2026-04-01,53725.4
bihar,2026-05-01,55980.37
bihar,2026-06-01,55158.17
bihar,2026-07-01,55465.63
chandigarh,2018-07-01,3547.28
chandigarh,2018-08-01,4245.47
chandigarh,2018-09-01,4085.07
chandigarh,2018-10-01,4538.34
chandigarh,2018-11-01,3783.57
chandigarh,2018-12-01,3981.93
chandigarh,2019-01-01,3876.36
chandigarh,2019-02-01,3917.17
chandigarh,2019-03-01,4589.74
chandigarh,2019-04-01,3906.07
chandigarh,2019-05-01,3900.4
chandigarh,2019-06-01,3692.85
chandigarh,2019-07-01,3751.71
chandigarh,2019-08-01,3731.61
chandigarh,2019-09-01,3878.12
chandigarh,2019-10-01,4033.76
chandigarh,2019-11-01,3688.92
chandigarh,2019-12-01,3934.33
chandigarh,2020-01-01,3775.14
chandigarh,2020-02-01,3922.01
chandigarh,2020-03-01,3847.248
chandigarh,2020-04-01,3772.486
chandigarh,2020-05-01,3697.724
chandigarh,2020-06-01,3622.962
chandigarh,2020-07-01,3548.2
chandigarh,2020-08-01,3395.38
chandigarh,2020-09-01,3910.0
chandigarh,2020-10-01,4311.08
chandigarh,2020-11-01,3715.7
chandigarh,2020-12-01,4223.99
chandigarh,2021-01-01,4173.12
chandigarh,2021-02-01,4249.68
chandigarh,2021-03-01,5119.37
chandigarh,2021-04-01,4254.26
chandigarh,2021-05-01,3435.31
chandigarh,2021-06-01,4206.81
chandigarh,2021-07-01,4670.06
chandigarh,2021-08-01,4635.89
chandigarh,2021-09-01,4950.75
chandigarh,2021-10-01,4802.06
chandigarh,2021-11-01,4427.98
chandigarh,2021-12-01,5002.24
chandigarh,2022-01-01,4792.55
chandigarh,2022-02-01,4873.0
chandigarh,2022-03-01,6142.81
chandigarh,2022-04-01,5265.57
chandigarh,2022-05-01,4973.67
chandigarh,2022-06-01,5047.84
chandigarh,2022-07-01,5121.57
chandigarh,2022-08-01,5314.33
chandigarh,2022-09-01,5665.75
chandigarh,2022-10-01,5403.9
chandigarh,2022-11-01,5215.43
chandigarh,2022-12-01,5480.88
chandigarh,2023-01-01,5316.56
chandigarh,2023-02-01,5327.9
chandigarh,2023-03-01,6494.09
chandigarh,2023-04-01,5393.95
chandigarh,2023-05-01,5347.43
chandigarh,2023-06-01,5344.09
chandigarh,2023-07-01,5139.21
chandigarh,2023-08-01,5569.58
chandigarh,2023-09-01,6149.65
chandigarh,2023-10-01,6269.15
chandigarh,2023-11-01,5454.33
chandigarh,2023-12-01,5846.06
chandigarh,2024-01-01,5893.69
chandigarh,2024-02-01,5950.14
chandigarh,2024-03-01,6955.46
chandigarh,2024-04-01,5825.29
chandigarh,2024-05-01,6083.99
chandigarh,2024-06-01,6072.39
chandigarh,2024-07-01,6039.92
chandigarh,2024-08-01,6001.06
chandigarh,2024-09-01,6240.65
chandigarh,2024-10-01,6880.0
chandigarh,2024-11-01,5827.37
chandigarh,2024-12-01,6378.72
chandigarh,2025-01-01,6602.0
chandigarh,2025-02-01,6505.16
chandigarh,2025-03-01,7950.02
chandigarh,2025-04-01,6520.26
chandigarh,2025-05-01,6548.57
chandigarh,2025-06-01,6325.22
chandigarh,2025-07-01,7061.24
chandigarh,2025-08-01,6540.44
chandigarh,2025-09-01,7328.93
chandigarh,2025-10-01,7071.22
chandigarh,2025-11-01,6839.41
chandigarh,2025-12-01,7505.07
chandigarh,2026-01-01,7375.09
chandigarh,2026-02-01,7166.06
chandigarh,2026-03-01,8696.33
chandigarh,2026-04-01,7512.72
chandigarh,2026-05-01,7545.33
chandigarh,2026-06-01,7537.75
chandigarh,2026-07-01,7991.19
chhattisgarh,2018-07-01,25003.5
chhattisgarh,2018-08-01,27486.82
chhattisgarh,2018-09-01,28501.71
chhattisgarh,2018-10-01,29926.95
chhattisgarh,2018-11-01,24451.1
chhattisgarh,2018-12-01,26922.27
chhattisgarh,2019-01-01,28264.89
chhattisgarh,2019-02-01,26753.92
chhattisgarh,2019-03-01,29807.01
chhattisgarh,2019-04-01,26290.49
chhattisgarh,2019-05-01,26786.76
chhattisgarh,2019-06-01,25589.62
chhattisgarh,2019-07-01,24762.33
chhattisgarh,2019-08-01,23099.77
chhattisgarh,2019-09-01,22656.0
chhattisgarh,2019-10-01,22961.69
chhattisgarh,2019-11-01,24103.95
chhattisgarh,2019-12-01,25860.04
chhattisgarh,2020-01-01,29874.54
chhattisgarh,2020-02-01,27428.9
chhattisgarh,2020-03-01,26805.706000000002
chhattisgarh,2020-04-01,26182.512000000002
chhattisgarh,2020-05-01,25559.318
chhattisgarh,2020-06-01,24936.124
chhattisgarh,2020-07-01,24312.93
chhattisgarh,2020-08-01,26415.05
chhattisgarh,2020-09-01,25323.87
chhattisgarh,2020-10-01,30052.89
chhattisgarh,2020-11-01,28155.71
chhattisgarh,2020-12-01,34457.69
chhattisgarh,2021-01-01,34064.6
chhattisgarh,2021-02-01,34668.14
chhattisgarh,2021-03-01,39768.3
chhattisgarh,2021-04-01,31140.64
chhattisgarh,2021-05-01,31515.46
chhattisgarh,2021-06-01,37182.45
chhattisgarh,2021-07-01,36740.47
chhattisgarh,2021-08-01,36321.05
chhattisgarh,2021-09-01,35951.1
chhattisgarh,2021-10-01,34899.68
chhattisgarh,2021-11-01,37059.33
chhattisgarh,2021-12-01,42485.64
chhattisgarh,2022-01-01,42778.03
chhattisgarh,2022-02-01,42647.78
chhattisgarh,2022-03-01,51719.23
chhattisgarh,2022-04-01,47650.36
chhattisgarh,2022-05-01,47015.42
chhattisgarh,2022-06-01,43592.36
chhattisgarh,2022-07-01,42624.75
chhattisgarh,2022-08-01,42055.32
chhattisgarh,2022-09-01,44655.91
chhattisgarh,2022-10-01,41726.31
chhattisgarh,2022-11-01,46262.9
chhattisgarh,2022-12-01,49923.3
chhattisgarh,2023-01-01,51418.02
chhattisgarh,2023-02-01,50581.55
chhattisgarh,2023-03-01,55636.05
chhattisgarh,2023-04-01,51448.95
chhattisgarh,2023-05-01,54251.47
chhattisgarh,2023-06-01,49789.76
chhattisgarh,2023-07-01,48413.85
chhattisgarh,2023-08-01,50001.58
chhattisgarh,2023-09-01,48879.83
chhattisgarh,2023-10-01,51606.9
chhattisgarh,2023-11-01,46862.74
chhattisgarh,2023-12-01,51865.65
chhattisgarh,2024-01-01,52251.64
chhattisgarh,2024-02-01,54273.61
chhattisgarh,2024-03-01,59789.57
chhattisgarh,2024-04-01,54842.77
chhattisgarh,2024-05-01,60085.01
chhattisgarh,2024-06-01,64500.12
chhattisgarh,2024-07-01,62388.35
chhattisgarh,2024-08-01,58704.52
chhattisgarh,2024-09-01,61138.12
chhattisgarh,2024-10-01,67970.76
chhattisgarh,2024-11-01,61518.4
chhattisgarh,2024-12-01,68084.66
chhattisgarh,2025-01-01,75045.36
chhattisgarh,2025-02-01,68997.32
chhattisgarh,2025-03-01,80842.1
chhattisgarh,2025-04-01,72354.07
chhattisgarh,2025-05-01,74932.9
chhattisgarh,2025-06-01,71422.59
chhattisgarh,2025-07-01,71803.07
chhattisgarh,2025-08-01,70544.58
chhattisgarh,2025-09-01,72543.35
chhattisgarh,2025-10-01,67196.65
chhattisgarh,2025-11-01,72787.91
chhattisgarh,2025-12-01,78960.67
chhattisgarh,2026-01-01,84505.43
chhattisgarh,2026-02-01,82349.63
chhattisgarh,2026-03-01,94523.0
chhattisgarh,2026-04-01,84312.88
chhattisgarh,2026-05-01,87306.47
chhattisgarh,2026-06-01,88456.69
chhattisgarh,2026-07-01,87781.84
delhi,2018-07-01,90570.89
delhi,2018-08-01,104040.4
delhi,2018-09-01,108188.2
delhi,2018-10-01,123327.95
delhi,2018-11-01,103805.06
delhi,2018-12-01,111935.11
delhi,2019-01-01,111659.86
delhi,2019-02-01,108265.39
delhi,2019-03-01,127572.22
delhi,2019-04-01,120948.3
delhi,2019-05-01,111560.34
delhi,2019-06-01,97611.41
delhi,2019-07-01,101412.38
delhi,2019-08-01,100038.07
delhi,2019-09-01,105683.77
delhi,2019-10-01,107442.03
delhi,2019-11-01,105998.77
delhi,2019-12-01,107318.92
delhi,2020-01-01,111857.68
delhi,2020-02-01,110908.34
delhi,2020-03-01,106811.518
delhi,2020-04-01,102714.696
delhi,2020-05-01,98617.874
delhi,2020-06-01,94521.052
delhi,2020-07-01,90424.23
delhi,2020-08-01,93683.69
delhi,2020-09-01,107300.64
delhi,2020-10-01,120052.82
delhi,2020-11-01,105749.5
delhi,2020-12-01,118883.42
delhi,2021-01-01,113813.13
delhi,2021-02-01,117742.05
delhi,2021-03-01,137314.77
delhi,2021-04-01,91958.2
delhi,2021-05-01,72709.38
delhi,2021-06-01,108850.22
delhi,2021-07-01,121237.96
delhi,2021-08-01,122099.6
delhi,2021-09-01,136698.7
delhi,2021-10-01,130755.97
delhi,2021-11-01,121141.2
delhi,2021-12-01,144842.4
delhi,2022-01-01,130527.37
delhi,2022-02-01,137512.26
delhi,2022-03-01,164166.56
delhi,2022-04-01,142747.92
delhi,2022-05-01,136943.05
delhi,2022-06-01,135576.31
delhi,2022-07-01,138007.06
delhi,2022-08-01,143174.55
delhi,2022-09-01,154547.77
delhi,2022-10-01,138577.96
delhi,2022-11-01,143392.78
delhi,2022-12-01,151631.12
delhi,2023-01-01,146815.8
delhi,2023-02-01,148437.78
delhi,2023-03-01,174350.1
delhi,2023-04-01,143227.04
delhi,2023-05-01,146007.97
delhi,2023-06-01,139688.46
delhi,2023-07-01,140967.33
delhi,2023-08-01,149498.98
delhi,2023-09-01,158116.63
delhi,2023-10-01,168110.99
delhi,2023-11-01,141896.38
delhi,2023-12-01,159696.52
delhi,2024-01-01,154827.97
delhi,2024-02-01,158242.74
delhi,2024-03-01,183217.11
delhi,2024-04-01,149670.02
delhi,2024-05-01,160886.82
delhi,2024-06-01,155508.66
delhi,2024-07-01,163048.58
delhi,2024-08-01,163722.71
delhi,2024-09-01,176128.03
delhi,2024-10-01,187602.84
delhi,2024-11-01,156883.2
delhi,2024-12-01,172892.35
delhi,2025-01-01,182035.63
delhi,2025-02-01,173375.82
delhi,2025-03-01,204721.04
delhi,2025-04-01,166205.82
delhi,2025-05-01,173421.21
delhi,2025-06-01,169244.63
delhi,2025-07-01,183854.7
delhi,2025-08-01,179611.31
delhi,2025-09-01,209878.54
delhi,2025-10-01,190265.85
delhi,2025-11-01,189581.37
delhi,2025-12-01,212501.84
delhi,2026-01-01,214001.82
delhi,2026-02-01,210899.34
delhi,2026-03-01,247209.31
delhi,2026-04-01,208671.41
delhi,2026-05-01,217173.3
delhi,2026-06-01,221563.4
delhi,2026-07-01,239030.86
dnh and dd,2018-07-01,27050.33
dnh and dd,2018-08-01,33052.86
dnh and dd,2018-09-01,30548.57
dnh and dd,2018-10-01,30289.870000000003
dnh and dd,2018-11-01,27020.629999999997
dnh and dd,2018-12-01,30101.829999999998
dnh and dd,2019-01-01,30129.629999999997
dnh and dd,2019-02-01,27716.36
dnh and dd,2019-03-01,30113.72
dnh and dd,2019-04-01,27683.839999999997
dnh and dd,2019-05-01,29488.559999999998
dnh and dd,2019-06-01,28073.25
dnh and dd,2019-07-01,29253.43
dnh and dd,2019-08-01,26166.36
dnh and dd,2019-09-01,25201.54
dnh and dd,2019-10-01,25390.8
dnh and dd,2019-11-01,25521.309999999998
dnh and dd,2019-12-01,28921.16
dnh and dd,2020-01-01,27908.379999999997
dnh and dd,2020-02-01,26632.35
dnh and dd,2020-03-01,25376.507999999998
dnh and dd,2020-04-01,24120.665999999997
dnh and dd,2020-05-01,22864.824
dnh and dd,2020-06-01,21608.982
dnh and dd,2020-07-01,20353.14
dnh and dd,2020-08-01,20797.31
dnh and dd,2020-09-01,24997.39
dnh and dd,2020-10-01,27111.42
dnh and dd,2020-11-01,24921.170000000002
dnh and dd,2020-12-01,30961.56
dnh and dd,2021-01-01,31286.51
dnh and dd,2021-02-01,31155.97
dnh and dd,2021-03-01,35656.79
dnh and dd,2021-04-01,29307.47
dnh and dd,2021-05-01,26011.7
dnh and dd,2021-06-01,29409.81
dnh and dd,2021-07-01,32198.74
dnh and dd,2021-08-01,34008.33
dnh and dd,2021-09-01,34604.33
dnh and dd,2021-10-01,1434.1100000000001
dnh and dd,2021-11-01,33291.369999999995
dnh and dd,2021-12-01,40034.68
dnh and dd,2022-01-01,40352.8
dnh and dd,2022-02-01,38835.85
dnh and dd,2022-03-01,43325.23
dnh and dd,2022-04-01,39012.159999999996
dnh and dd,2022-05-01,40257.9
dnh and dd,2022-06-01,41469.83
dnh and dd,2022-07-01,39282.34
dnh and dd,2022-08-01,39528.18
dnh and dd,2022-09-01,39981.549999999996
dnh and dd,2022-10-01,35180.37
dnh and dd,2022-11-01,38826.24
dnh and dd,2022-12-01,42024.119999999995
dnh and dd,2023-01-01,41202.439999999995
dnh and dd,2023-02-01,37842.72
dnh and dd,2023-03-01,44372.76
dnh and dd,2023-04-01,37833.53
dnh and dd,2023-05-01,39509.869999999995
dnh and dd,2023-06-01,39126.29
dnh and dd,2023-07-01,40285.82
dnh and dd,2023-08-01,41284.810000000005
dnh and dd,2023-09-01,40300.600000000006
dnh and dd,2023-10-01,40425.689999999995
dnh and dd,2023-11-01,37187.23
dnh and dd,2023-12-01,42547.6
dnh and dd,2024-01-01,40586.2
dnh and dd,2024-02-01,39930.54
dnh and dd,2024-03-01,43851.76
dnh and dd,2024-04-01,37697.03
dnh and dd,2024-05-01,42435.81
dnh and dd,2024-06-01,44118.09
dnh and dd,2024-07-01,43216.07
dnh and dd,2024-08-01,43322.630000000005
dnh and dd,2024-09-01,45163.45
dnh and dd,2024-10-01,45376.649999999994
dnh and dd,2024-11-01,41719.64
dnh and dd,2024-12-01,46419.66
dnh and dd,2025-01-01,47432.22
dnh and dd,2025-02-01,42474.18
dnh and dd,2025-03-01,50022.090000000004
dnh and dd,2025-04-01,43498.96
dnh and dd,2025-05-01,45982.74
dnh and dd,2025-06-01,46486.649999999994
dnh and dd,2025-07-01,48844.21
dnh and dd,2025-08-01,46464.95
dnh and dd,2025-09-01,48879.28
dnh and dd,2025-10-01,44914.65
dnh and dd,2025-11-01,47670.04
dnh and dd,2025-12-01,52516.869999999995
dnh and dd,2026-01-01,52875.61
dnh and dd,2026-02-01,49951.14
dnh and dd,2026-03-01,57488.75
dnh and dd,2026-04-01,50283.71
dnh and dd,2026-05-01,56360.15
dnh and dd,2026-06-01,59067.479999999996
dnh and dd,2026-07-01,60098.75
goa,2018-07-01,7822.5
goa,2018-08-01,9089.19
goa,2018-09-01,8359.01
goa,2018-10-01,9418.38
goa,2018-11-01,8473.56
goa,2018-12-01,8575.85
goa,2019-01-01,8530.37
goa,2019-02-01,8700.51
goa,2019-03-01,9242.34
goa,2019-04-01,8209.8
goa,2019-05-01,8701.82
goa,2019-06-01,7919.68
goa,2019-07-01,7722.79
goa,2019-08-01,7424.99
goa,2019-09-01,6880.52
goa,2019-10-01,7134.07
goa,2019-11-01,7547.28
goa,2019-12-01,8009.78
goa,2020-01-01,8200.62
goa,2020-02-01,8119.59
goa,2020-03-01,8036.96
goa,2020-04-01,7954.33
goa,2020-05-01,7871.7
goa,2020-06-01,7789.07
goa,2020-07-01,7706.44
goa,2020-08-01,6919.82
goa,2020-09-01,8361.6
goa,2020-10-01,8585.31
goa,2020-11-01,8348.93
goa,2020-12-01,9528.73
goa,2021-01-01,9547.06
goa,2021-02-01,8833.34
goa,2021-03-01,10312.75
goa,2021-04-01,9595.93
goa,2021-05-01,8059.01
goa,2021-06-01,8919.43
goa,2021-07-01,9681.52
goa,2021-08-01,10770.8
goa,2021-09-01,9874.18
goa,2021-10-01,12536.12
goa,2021-11-01,10309.46
goa,2021-12-01,11760.81
goa,2022-01-01,19950.84
goa,2022-02-01,17251.43
goa,2022-03-01,19705.12
goa,2022-04-01,12355.81
goa,2022-05-01,12312.87
goa,2022-06-01,13651.69
goa,2022-07-01,14489.94
goa,2022-08-01,12277.88
goa,2022-09-01,12499.58
goa,2022-10-01,13889.63
goa,2022-11-01,12314.21
goa,2022-12-01,13307.59
goa,2023-01-01,12216.97
goa,2023-02-01,12067.26
goa,2023-03-01,13825.94
goa,2023-04-01,12204.29
goa,2023-05-01,12752.34
goa,2023-06-01,12276.22
goa,2023-07-01,12199.97
goa,2023-08-01,13050.72
goa,2023-09-01,11977.57
goa,2023-10-01,13007.35
goa,2023-11-01,12384.31
goa,2023-12-01,13902.34
goa,2024-01-01,13248.68
goa,2024-02-01,13115.34
goa,2024-03-01,14263.54
goa,2024-04-01,13152.95
goa,2024-05-01,15261.29
goa,2024-06-01,13333.08
goa,2024-07-01,12902.15
goa,2024-08-01,13866.55
goa,2024-09-01,13114.28
goa,2024-10-01,14265.08
goa,2024-11-01,14040.27
goa,2024-12-01,14427.14
goa,2025-01-01,15230.26
goa,2025-02-01,14208.14
goa,2025-03-01,16167.32
goa,2025-04-01,14342.23
goa,2025-05-01,14341.62
goa,2025-06-01,14322.94
goa,2025-07-01,14895.53
goa,2025-08-01,13629.96
goa,2025-09-01,14707.01
goa,2025-10-01,14393.15
goa,2025-11-01,14889.12
goa,2025-12-01,16210.24
goa,2026-01-01,16106.75
goa,2026-02-01,15702.63
goa,2026-03-01,17684.22
goa,2026-04-01,15538.62
goa,2026-05-01,16901.04
goa,2026-06-01,16578.3
goa,2026-07-01,17444.06
gujarat,2018-07-01,159498.95
gujarat,2018-08-01,199948.35
gujarat,2018-09-01,187290.41
gujarat,2018-10-01,235271.43
gujarat,2018-11-01,197899.29
gujarat,2018-12-01,227566.31
gujarat,2019-01-01,221009.93
gujarat,2019-02-01,215352.48
gujarat,2019-03-01,238456.34
gujarat,2019-04-01,228336.86
gujarat,2019-05-01,226810.25
gujarat,2019-06-01,213548.37
gujarat,2019-07-01,224117.73
gujarat,2019-08-01,216896.04
gujarat,2019-09-01,219308.62
gujarat,2019-10-01,214120.79
gujarat,2019-11-01,227046.02
gujarat,2019-12-01,244200.18
gujarat,2020-01-01,248885.43
gujarat,2020-02-01,238099.86
gujarat,2020-03-01,231995.15
gujarat,2020-04-01,225890.44
gujarat,2020-05-01,219785.72999999998
gujarat,2020-06-01,213681.02
gujarat,2020-07-01,207576.31
gujarat,2020-08-01,203746.14
gujarat,2020-09-01,240643.58
gujarat,2020-10-01,269776.67
gujarat,2020-11-01,239022.16
gujarat,2020-12-01,288241.81
gujarat,2021-01-01,292299.44
gujarat,2021-02-01,286836.72
gujarat,2021-03-01,327879.83
gujarat,2021-04-01,277823.28
gujarat,2021-05-01,242758.02
gujarat,2021-06-01,285505.49
gujarat,2021-07-01,306571.37
gujarat,2021-08-01,311266.25
gujarat,2021-09-01,320103.08
gujarat,2021-10-01,31964.67
gujarat,2021-11-01,317019.9
gujarat,2021-12-01,370771.68
gujarat,2022-01-01,360174.2
gujarat,2022-02-01,359787.26
gujarat,2022-03-01,408891.46
gujarat,2022-04-01,385285.2
gujarat,2022-05-01,373266.58
gujarat,2022-06-01,380569.93
gujarat,2022-07-01,380420.09
gujarat,2022-08-01,379658.0
gujarat,2022-09-01,386714.79
gujarat,2022-10-01,353439.61
gujarat,2022-11-01,393695.67
gujarat,2022-12-01,405493.56
gujarat,2023-01-01,396703.16
gujarat,2023-02-01,391068.87
gujarat,2023-03-01,433574.65
gujarat,2023-04-01,391790.33
gujarat,2023-05-01,401048.95
gujarat,2023-06-01,373942.83
gujarat,2023-07-01,393992.31
gujarat,2023-08-01,414935.65
gujarat,2023-09-01,402233.88
gujarat,2023-10-01,435355.97
gujarat,2023-11-01,361175.02
gujarat,2023-12-01,432333.71
gujarat,2024-01-01,423146.76
gujarat,2024-02-01,429544.27
gujarat,2024-03-01,459142.29
gujarat,2024-04-01,416437.23
gujarat,2024-05-01,444089.61
gujarat,2024-06-01,429564.91
gujarat,2024-07-01,435557.56
gujarat,2024-08-01,418377.09
gujarat,2024-09-01,453415.15
gujarat,2024-10-01,482746.33
gujarat,2024-11-01,419427.66
gujarat,2024-12-01,479952.0
gujarat,2025-01-01,493637.17
gujarat,2025-02-01,459832.05
gujarat,2025-03-01,522014.07
gujarat,2025-04-01,478148.6
gujarat,2025-05-01,497468.74
gujarat,2025-06-01,476870.66
gujarat,2025-07-01,516972.34
gujarat,2025-08-01,492165.63
gujarat,2025-09-01,527490.23
gujarat,2025-10-01,482816.15
gujarat,2025-11-01,526211.49
gujarat,2025-12-01,579369.1
gujarat,2026-01-01,580904.52
gujarat,2026-02-01,568413.71
gujarat,2026-03-01,628285.91
gujarat,2026-04-01,573287.54
gujarat,2026-05-01,604574.09
gujarat,2026-06-01,622420.05
gujarat,2026-07-01,637364.2
haryana,2018-07-01,141558.83
haryana,2018-08-01,153132.78
haryana,2018-09-01,156529.56
haryana,2018-10-01,168387.96
haryana,2018-11-01,144826.36
haryana,2018-12-01,156923.74
haryana,2019-01-01,152884.14
haryana,2019-02-01,147898.04
haryana,2019-03-01,164781.58
haryana,2019-04-01,148829.68
haryana,2019-05-01,153745.26
haryana,2019-06-01,139046.81
haryana,2019-07-01,144367.32
haryana,2019-08-01,140812.11
haryana,2019-09-01,152293.52
haryana,2019-10-01,144943.68
haryana,2019-11-01,145140.41
haryana,2019-12-01,151049.23
haryana,2020-01-01,156813.84
haryana,2020-02-01,154703.15
haryana,2020-03-01,151404.078
haryana,2020-04-01,148105.006
haryana,2020-05-01,144805.934
haryana,2020-06-01,141506.862
haryana,2020-07-01,138207.79
haryana,2020-08-01,143734.51
haryana,2020-09-01,169689.45
haryana,2020-10-01,185391.81
haryana,2020-11-01,160389.83
haryana,2020-12-01,178321.6
haryana,2021-01-01,177612.21
haryana,2021-02-01,179529.39
haryana,2021-03-01,203770.79
haryana,2021-04-01,174150.3
haryana,2021-05-01,123658.98
haryana,2021-06-01,169365.76
haryana,2021-07-01,189214.12
haryana,2021-08-01,189141.58
haryana,2021-09-01,201490.7
haryana,2021-10-01,197155.9
haryana,2021-11-01,184072.41
haryana,2021-12-01,214357.93
haryana,2022-01-01,208763.17
haryana,2022-02-01,212019.63
haryana,2022-03-01,245575.25
haryana,2022-04-01,223383.58
haryana,2022-05-01,221526.85
haryana,2022-06-01,220693.15
haryana,2022-07-01,227068.2
haryana,2022-08-01,232461.05
haryana,2022-09-01,252728.82
haryana,2022-10-01,225263.31
haryana,2022-11-01,227627.12
haryana,2022-12-01,235630.77
haryana,2023-01-01,236605.66
haryana,2023-02-01,232993.56
haryana,2023-03-01,264604.9
haryana,2023-04-01,238117.95
haryana,2023-05-01,246262.11
haryana,2023-06-01,237665.82
haryana,2023-07-01,247710.57
haryana,2023-08-01,257277.79
haryana,2023-09-01,281924.25
haryana,2023-10-01,287833.24
haryana,2023-11-01,242114.36
haryana,2023-12-01,262107.96
haryana,2024-01-01,267670.86
haryana,2024-02-01,267157.93
haryana,2024-03-01,292125.69
haryana,2024-04-01,263453.44
haryana,2024-05-01,278927.39
haryana,2024-06-01,268431.78
haryana,2024-07-01,282134.76
haryana,2024-08-01,282132.88
haryana,2024-09-01,317712.29
haryana,2024-10-01,311988.37
haryana,2024-11-01,270609.06
haryana,2024-12-01,298091.46
haryana,2025-01-01,313165.31
haryana,2025-02-01,291982.4
haryana,2025-03-01,337247.94
haryana,2025-04-01,303476.58
haryana,2025-05-01,314199.89
haryana,2025-06-01,299548.28
haryana,2025-07-01,322671.3
haryana,2025-08-01,326544.46
haryana,2025-09-01,373403.5
haryana,2025-10-01,326558.02
haryana,2025-11-01,325920.89
haryana,2025-12-01,361451.67
haryana,2026-01-01,358231.22
haryana,2026-02-01,355892.87
haryana,2026-03-01,398446.62
haryana,2026-04-01,365949.23
haryana,2026-05-01,383985.23
haryana,2026-06-01,386890.55
haryana,2026-07-01,414498.03
himachal pradesh,2018-07-01,20094.6
himachal pradesh,2018-08-01,23513.34
himachal pradesh,2018-09-01,22942.04
himachal pradesh,2018-10-01,23943.87
himachal pradesh,2018-11-01,20674.93
himachal pradesh,2018-12-01,22505.96
himachal pradesh,2019-01-01,22005.11
himachal pradesh,2019-02-01,20773.61
himachal pradesh,2019-03-01,23694.99
himachal pradesh,2019-04-01,22368.7
himachal pradesh,2019-05-01,23370.03
himachal pradesh,2019-06-01,21892.21
himachal pradesh,2019-07-01,22721.21
himachal pradesh,2019-08-01,21912.57
himachal pradesh,2019-09-01,22760.81
himachal pradesh,2019-10-01,21987.07
himachal pradesh,2019-11-01,22227.82
himachal pradesh,2019-12-01,22260.27
himachal pradesh,2020-01-01,22510.04
himachal pradesh,2020-02-01,22281.74
himachal pradesh,2020-03-01,22217.888000000003
himachal pradesh,2020-04-01,22154.036
himachal pradesh,2020-05-01,22090.184
himachal pradesh,2020-06-01,22026.332
himachal pradesh,2020-07-01,21962.48
himachal pradesh,2020-08-01,22380.05
himachal pradesh,2020-09-01,25346.79
himachal pradesh,2020-10-01,26458.34
himachal pradesh,2020-11-01,22252.44
himachal pradesh,2020-12-01,25878.1
himachal pradesh,2021-01-01,25298.88
himachal pradesh,2021-02-01,24984.06
himachal pradesh,2021-03-01,28192.76
himachal pradesh,2021-04-01,26416.29
himachal pradesh,2021-05-01,23413.78
himachal pradesh,2021-06-01,25891.03
himachal pradesh,2021-07-01,28534.31
himachal pradesh,2021-08-01,28659.8
himachal pradesh,2021-09-01,30179.07
himachal pradesh,2021-10-01,28360.72
himachal pradesh,2021-11-01,26535.07
himachal pradesh,2021-12-01,30394.99
himachal pradesh,2022-01-01,29472.17
himachal pradesh,2022-02-01,28825.89
himachal pradesh,2022-03-01,32705.82
himachal pradesh,2022-04-01,31451.97
himachal pradesh,2022-05-01,32391.94
himachal pradesh,2022-06-01,32411.26
himachal pradesh,2022-07-01,31980.14
himachal pradesh,2022-08-01,31918.98
himachal pradesh,2022-09-01,32742.26
himachal pradesh,2022-10-01,29754.89
himachal pradesh,2022-11-01,31136.06
himachal pradesh,2022-12-01,32038.47
himachal pradesh,2023-01-01,30163.85
himachal pradesh,2023-02-01,30143.16
himachal pradesh,2023-03-01,35503.93
himachal pradesh,2023-04-01,32206.49
himachal pradesh,2023-05-01,33641.09
himachal pradesh,2023-06-01,32171.94
himachal pradesh,2023-07-01,30157.63
himachal pradesh,2023-08-01,31856.07
himachal pradesh,2023-09-01,33722.62
himachal pradesh,2023-10-01,34135.04
himachal pradesh,2023-11-01,29558.59
himachal pradesh,2023-12-01,32408.7
himachal pradesh,2024-01-01,31679.29
himachal pradesh,2024-02-01,31837.91
himachal pradesh,2024-03-01,34588.21
himachal pradesh,2024-04-01,31593.92
himachal pradesh,2024-05-01,34915.59
himachal pradesh,2024-06-01,33313.24
himachal pradesh,2024-07-01,34537.21
himachal pradesh,2024-08-01,34465.79
himachal pradesh,2024-09-01,34612.16
himachal pradesh,2024-10-01,35513.16
himachal pradesh,2024-11-01,32104.0
himachal pradesh,2024-12-01,33783.47
himachal pradesh,2025-01-01,35866.67
himachal pradesh,2025-02-01,32875.23
himachal pradesh,2025-03-01,38198.14
himachal pradesh,2025-04-01,35036.02
himachal pradesh,2025-05-01,37125.77
himachal pradesh,2025-06-01,35749.23
himachal pradesh,2025-07-01,37528.82
himachal pradesh,2025-08-01,34274.68
himachal pradesh,2025-09-01,36085.0
himachal pradesh,2025-10-01,33847.71
himachal pradesh,2025-11-01,35321.98
himachal pradesh,2025-12-01,38671.15
himachal pradesh,2026-01-01,38410.45
himachal pradesh,2026-02-01,37913.0
himachal pradesh,2026-03-01,43799.6
himachal pradesh,2026-04-01,39587.38
himachal pradesh,2026-05-01,41615.93
himachal pradesh,2026-06-01,43687.01
himachal pradesh,2026-07-01,45030.7
jammu and kashmir,2018-07-01,8894.4
jammu and kashmir,2018-08-01,9939.31
jammu and kashmir,2018-09-01,9843.69
jammu and kashmir,2018-10-01,9845.46
jammu and kashmir,2018-11-01,8365.71
jammu and kashmir,2018-12-01,8358.35
jammu and kashmir,2019-01-01,7715.11
jammu and kashmir,2019-02-01,6874.76
jammu and kashmir,2019-03-01,10443.88
jammu and kashmir,2019-04-01,9780.92
jammu and kashmir,2019-05-01,10449.56
jammu and kashmir,2019-06-01,10019.46
jammu and kashmir,2019-07-01,10571.94
jammu and kashmir,2019-08-01,7462.37
jammu and kashmir,2019-09-01,7864.61
jammu and kashmir,2019-10-01,8047.26
jammu and kashmir,2019-11-01,7977.96
jammu and kashmir,2019-12-01,7506.06
jammu and kashmir,2020-01-01,7851.11
jammu and kashmir,2020-02-01,8682.34
jammu and kashmir,2020-03-01,9060.16
jammu and kashmir,2020-04-01,9437.98
jammu and kashmir,2020-05-01,9815.8
jammu and kashmir,2020-06-01,10193.62
jammu and kashmir,2020-07-01,10571.44
jammu and kashmir,2020-08-01,9827.15
jammu and kashmir,2020-09-01,10556.8
jammu and kashmir,2020-10-01,10885.19
jammu and kashmir,2020-11-01,9330.41
jammu and kashmir,2020-12-01,9571.2
jammu and kashmir,2021-01-01,8818.0
jammu and kashmir,2021-02-01,10371.39
jammu and kashmir,2021-03-01,12728.84
jammu and kashmir,2021-04-01,11987.61
jammu and kashmir,2021-05-01,9657.09
jammu and kashmir,2021-06-01,12250.4
jammu and kashmir,2021-07-01,12530.64
jammu and kashmir,2021-08-01,12228.95
jammu and kashmir,2021-09-01,12333.9
jammu and kashmir,2021-10-01,10819.06
jammu and kashmir,2021-11-01,11354.72
jammu and kashmir,2021-12-01,11911.33
jammu and kashmir,2022-01-01,10425.9
jammu and kashmir,2022-02-01,11865.87
jammu and kashmir,2022-03-01,15410.28
jammu and kashmir,2022-04-01,14421.2
jammu and kashmir,2022-05-01,14497.86
jammu and kashmir,2022-06-01,14584.66
jammu and kashmir,2022-07-01,14658.13
jammu and kashmir,2022-08-01,14486.74
jammu and kashmir,2022-09-01,14905.5
jammu and kashmir,2022-10-01,13599.44
jammu and kashmir,2022-11-01,13712.68
jammu and kashmir,2022-12-01,13130.75
jammu and kashmir,2023-01-01,12486.94
jammu and kashmir,2023-02-01,13195.15
jammu and kashmir,2023-03-01,17303.4
jammu and kashmir,2023-04-01,14586.18
jammu and kashmir,2023-05-01,15917.18
jammu and kashmir,2023-06-01,15424.49
jammu and kashmir,2023-07-01,15913.54
jammu and kashmir,2023-08-01,16812.03
jammu and kashmir,2023-09-01,16223.12
jammu and kashmir,2023-10-01,15744.97
jammu and kashmir,2023-11-01,14186.25
jammu and kashmir,2023-12-01,14751.91
jammu and kashmir,2024-01-01,13706.54
jammu and kashmir,2024-02-01,14489.72
jammu and kashmir,2024-03-01,18315.47
jammu and kashmir,2024-04-01,15193.35
jammu and kashmir,2024-05-01,17971.94
jammu and kashmir,2024-06-01,16800.54
jammu and kashmir,2024-07-01,17320.47
jammu and kashmir,2024-08-01,16948.16
jammu and kashmir,2024-09-01,16977.37
jammu and kashmir,2024-10-01,17396.38
jammu and kashmir,2024-11-01,15456.68
jammu and kashmir,2024-12-01,15254.34
jammu and kashmir,2025-01-01,16216.4
jammu and kashmir,2025-02-01,16036.66
jammu and kashmir,2025-03-01,20131.13
jammu and kashmir,2025-04-01,17836.05
jammu and kashmir,2025-05-01,18400.49
jammu and kashmir,2025-06-01,17803.14
jammu and kashmir,2025-07-01,18693.26
jammu and kashmir,2025-08-01,16168.56
jammu and kashmir,2025-09-01,17419.27
jammu and kashmir,2025-10-01,18985.29
jammu and kashmir,2025-11-01,18171.2
jammu and kashmir,2025-12-01,18072.01
jammu and kashmir,2026-01-01,17816.61
jammu and kashmir,2026-02-01,18590.76
jammu and kashmir,2026-03-01,22157.69
jammu and kashmir,2026-04-01,20220.93
jammu and kashmir,2026-05-01,21468.36
jammu and kashmir,2026-06-01,22048.51
jammu and kashmir,2026-07-01,22357.32
jharkhand,2018-07-01,30414.67
jharkhand,2018-08-01,31692.06
jharkhand,2018-09-01,33090.03
jharkhand,2018-10-01,33471.1
jharkhand,2018-11-01,31878.55
jharkhand,2018-12-01,31451.97
jharkhand,2019-01-01,33107.32
jharkhand,2019-02-01,30939.49
jharkhand,2019-03-01,35773.89
jharkhand,2019-04-01,30938.59
jharkhand,2019-05-01,31369.24
jharkhand,2019-06-01,30172.68
jharkhand,2019-07-01,28330.18
jharkhand,2019-08-01,25831.95
jharkhand,2019-09-01,25629.12
jharkhand,2019-10-01,24259.14
jharkhand,2019-11-01,27084.31
jharkhand,2019-12-01,28213.5
jharkhand,2020-01-01,30261.33
jharkhand,2020-02-01,28803.13
jharkhand,2020-03-01,28120.388
jharkhand,2020-04-01,27437.646
jharkhand,2020-05-01,26754.904
jharkhand,2020-06-01,26072.162
jharkhand,2020-07-01,25389.42
jharkhand,2020-08-01,25160.36
jharkhand,2020-09-01,28187.96
jharkhand,2020-10-01,31532.75
jharkhand,2020-11-01,31616.89
jharkhand,2020-12-01,37015.5
jharkhand,2021-01-01,36003.59
jharkhand,2021-02-01,35731.07
jharkhand,2021-03-01,42855.69
jharkhand,2021-04-01,36582.39
jharkhand,2021-05-01,29985.52
jharkhand,2021-06-01,34859.91
jharkhand,2021-07-01,37120.96
jharkhand,2021-08-01,38303.11
jharkhand,2021-09-01,39293.07
jharkhand,2021-10-01,39955.33
jharkhand,2021-11-01,40330.37
jharkhand,2021-12-01,70378.12
jharkhand,2022-01-01,45394.18
jharkhand,2022-02-01,47952.98
jharkhand,2022-03-01,57178.24
jharkhand,2022-04-01,51255.84
jharkhand,2022-05-01,50706.51
jharkhand,2022-06-01,49266.22
jharkhand,2022-07-01,50543.6
jharkhand,2022-08-01,49785.15
jharkhand,2022-09-01,49445.81
jharkhand,2022-10-01,49228.64
jharkhand,2022-11-01,51831.57
jharkhand,2022-12-01,54092.38
jharkhand,2023-01-01,54276.11
jharkhand,2023-02-01,54477.54
jharkhand,2023-03-01,62550.21
jharkhand,2023-04-01,54206.98
jharkhand,2023-05-01,55498.45
jharkhand,2023-06-01,53763.76
jharkhand,2023-07-01,52887.01
jharkhand,2023-08-01,53032.61
jharkhand,2023-09-01,54567.62
jharkhand,2023-10-01,54599.33
jharkhand,2023-11-01,53877.48
jharkhand,2023-12-01,55278.84
jharkhand,2024-01-01,54703.89
jharkhand,2024-02-01,54891.03
jharkhand,2024-03-01,61024.97
jharkhand,2024-04-01,53385.38
jharkhand,2024-05-01,56196.76
jharkhand,2024-06-01,54795.37
jharkhand,2024-07-01,54110.03
jharkhand,2024-08-01,51696.29
jharkhand,2024-09-01,53766.06
jharkhand,2024-10-01,56769.54
jharkhand,2024-11-01,53581.2
jharkhand,2024-12-01,57668.58
jharkhand,2025-01-01,61099.83
jharkhand,2025-02-01,57248.6
jharkhand,2025-03-01,68101.63
jharkhand,2025-04-01,57775.48
jharkhand,2025-05-01,59807.3
jharkhand,2025-06-01,54445.58
jharkhand,2025-07-01,54109.62
jharkhand,2025-08-01,55258.28
jharkhand,2025-09-01,58385.01
jharkhand,2025-10-01,58945.41
jharkhand,2025-11-01,61233.19
jharkhand,2025-12-01,66265.02
jharkhand,2026-01-01,67535.03
jharkhand,2026-02-01,67713.56
jharkhand,2026-03-01,75891.51
jharkhand,2026-04-01,66894.86
jharkhand,2026-05-01,67990.53
jharkhand,2026-06-01,66322.83
jharkhand,2026-07-01,68733.33
karnataka,2018-07-01,136762.75
karnataka,2018-08-01,150723.98
karnataka,2018-09-01,149019.01
karnataka,2018-10-01,154453.11
karnataka,2018-11-01,138387.96
karnataka,2018-12-01,150603.66
karnataka,2019-01-01,146265.77
karnataka,2019-02-01,142220.7
karnataka,2019-03-01,163602.82
karnataka,2019-04-01,137001.22
karnataka,2019-05-01,146788.03
karnataka,2019-06-01,140567.25
karnataka,2019-07-01,144885.98
karnataka,2019-08-01,141230.71
karnataka,2019-09-01,140912.15
karnataka,2019-10-01,136927.33
karnataka,2019-11-01,140154.24
karnataka,2019-12-01,149298.1
karnataka,2020-01-01,150797.16
karnataka,2020-02-01,149313.58
karnataka,2020-03-01,145805.38999999998
karnataka,2020-04-01,142297.19999999998
karnataka,2020-05-01,138789.01
karnataka,2020-06-01,135280.82
karnataka,2020-07-01,131772.63
karnataka,2020-08-01,136604.41
karnataka,2020-09-01,157902.58
karnataka,2020-10-01,164091.32
karnataka,2020-11-01,152279.1
karnataka,2020-12-01,174613.65
karnataka,2021-01-01,171177.87
karnataka,2021-02-01,170571.55
karnataka,2021-03-01,203340.81
karnataka,2021-04-01,170935.41
karnataka,2021-05-01,120599.51
karnataka,2021-06-01,160120.78
karnataka,2021-07-01,192561.39
karnataka,2021-08-01,199535.9
karnataka,2021-09-01,212883.39
karnataka,2021-10-01,179218.96
karnataka,2021-11-01,189826.44
karnataka,2021-12-01,349050.02
karnataka,2022-01-01,211338.59
karnataka,2022-02-01,212041.87
karnataka,2022-03-01,255199.39
karnataka,2022-04-01,223962.52
karnataka,2022-05-01,225139.92
karnataka,2022-06-01,233272.48
karnataka,2022-07-01,234708.91
karnataka,2022-08-01,237437.71
karnataka,2022-09-01,255867.78
karnataka,2022-10-01,234104.25
karnataka,2022-11-01,236428.71
karnataka,2022-12-01,254698.89
karnataka,2023-01-01,252840.18
karnataka,2023-02-01,241082.64
karnataka,2023-03-01,285010.03
karnataka,2023-04-01,244936.24
karnataka,2023-05-01,253284.65
karnataka,2023-06-01,256014.24
karnataka,2023-07-01,258246.75
karnataka,2023-08-01,267395.94
karnataka,2023-09-01,270070.88
karnataka,2023-10-01,274976.58
karnataka,2023-11-01,253328.75
karnataka,2023-12-01,279866.71
karnataka,2024-01-01,281749.91
karnataka,2024-02-01,285241.44
karnataka,2024-03-01,313905.05
karnataka,2024-04-01,262223.09
karnataka,2024-05-01,289680.38
karnataka,2024-06-01,284877.87
karnataka,2024-07-01,294177.32
karnataka,2024-08-01,301552.11
karnataka,2024-09-01,320981.89
karnataka,2024-10-01,307154.78
karnataka,2024-11-01,291052.5
karnataka,2024-12-01,315029.92
karnataka,2025-01-01,330029.23
karnataka,2025-02-01,304361.39
karnataka,2025-03-01,360001.03
karnataka,2025-04-01,310481.85
karnataka,2025-05-01,320511.24
karnataka,2025-06-01,320418.2
karnataka,2025-07-01,347121.65
karnataka,2025-08-01,342559.08
karnataka,2025-09-01,375499.72
karnataka,2025-10-01,333291.3
karnataka,2025-11-01,337872.24
karnataka,2025-12-01,382773.4
karnataka,2026-01-01,376242.28
karnataka,2026-02-01,366861.9
karnataka,2026-03-01,417962.63
karnataka,2026-04-01,380340.99
karnataka,2026-05-01,385416.77
karnataka,2026-06-01,405699.65
karnataka,2026-07-01,437035.75
kerala,2018-07-01,36263.5
kerala,2018-08-01,35149.49
kerala,2018-09-01,37712.55
kerala,2018-10-01,36579.77
kerala,2018-11-01,36357.92
kerala,2018-12-01,37469.76
kerala,2019-01-01,37099.52
kerala,2019-02-01,35206.82
kerala,2019-03-01,40946.77
kerala,2019-04-01,35815.91
kerala,2019-05-01,39310.12
kerala,2019-06-01,35641.51
kerala,2019-07-01,38278.48
kerala,2019-08-01,39335.83
kerala,2019-09-01,34052.58
kerala,2019-10-01,33870.04
kerala,2019-11-01,37087.8
kerala,2019-12-01,39098.64
kerala,2020-01-01,39969.79
kerala,2020-02-01,37620.39
kerala,2020-03-01,36887.85
kerala,2020-04-01,36155.31
kerala,2020-05-01,35422.770000000004
kerala,2020-06-01,34690.23
kerala,2020-07-01,33957.69
kerala,2020-08-01,36654.04
kerala,2020-09-01,37564.46
kerala,2020-10-01,39313.52
kerala,2020-11-01,40040.72
kerala,2020-12-01,46291.79
kerala,2021-01-01,46419.98
kerala,2021-02-01,44565.73
kerala,2021-03-01,53280.28
kerala,2021-04-01,45656.52
kerala,2021-05-01,24516.68
kerala,2021-06-01,38070.66
kerala,2021-07-01,46602.78
kerala,2021-08-01,50157.05
kerala,2021-09-01,49117.07
kerala,2021-10-01,7747.97
kerala,2021-11-01,50206.98
kerala,2021-12-01,54637.11
kerala,2022-01-01,53039.08
kerala,2022-02-01,51786.85
kerala,2022-03-01,59038.06
kerala,2022-04-01,56385.5
kerala,2022-05-01,53011.41
kerala,2022-06-01,54912.18
kerala,2022-07-01,54984.88
kerala,2022-08-01,61349.9
kerala,2022-09-01,51557.68
kerala,2022-10-01,51512.64
kerala,2022-11-01,53933.93
kerala,2022-12-01,57185.86
kerala,2023-01-01,56385.54
kerala,2023-02-01,54373.48
kerala,2023-03-01,64792.48
kerala,2023-04-01,53893.99
kerala,2023-05-01,60296.98
kerala,2023-06-01,56604.96
kerala,2023-07-01,59784.0
kerala,2023-08-01,65232.08
kerala,2023-09-01,56988.81
kerala,2023-10-01,56361.92
kerala,2023-11-01,55714.54
kerala,2023-12-01,61073.01
kerala,2024-01-01,62216.45
kerala,2024-02-01,60811.26
kerala,2024-03-01,65840.09
kerala,2024-04-01,57444.74
kerala,2024-05-01,63661.51
kerala,2024-06-01,59058.59
kerala,2024-07-01,62402.3
kerala,2024-08-01,69709.54
kerala,2024-09-01,63868.78
kerala,2024-10-01,62656.76
kerala,2024-11-01,61883.22
kerala,2024-12-01,64114.29
kerala,2025-01-01,85310.45
kerala,2025-02-01,86390.53
kerala,2025-03-01,95926.52
kerala,2025-04-01,99388.3
kerala,2025-05-01,100351.86
kerala,2025-06-01,91276.23
kerala,2025-07-01,100587.17
kerala,2025-08-01,115993.51
kerala,2025-09-01,99098.09
kerala,2025-10-01,115021.32
kerala,2025-11-01,106396.3
kerala,2025-12-01,253732.18
kerala,2026-01-01,126794.53
kerala,2026-02-01,114109.12
kerala,2026-03-01,121213.64
kerala,2026-04-01,123719.61
kerala,2026-05-01,127441.48
kerala,2026-06-01,294602.4
kerala,2026-07-01,143877.62
ladakh,2020-01-01,2.55
ladakh,2020-02-01,7.21
ladakh,2020-03-01,52.06
ladakh,2020-04-01,96.91
ladakh,2020-05-01,141.76000000000002
ladakh,2020-06-01,186.61
ladakh,2020-07-01,231.46
ladakh,2020-08-01,213.54
ladakh,2020-09-01,319.3
ladakh,2020-10-01,330.37
ladakh,2020-11-01,173.28
ladakh,2020-12-01,61.69
ladakh,2021-01-01,31.42
ladakh,2021-02-01,27.72
ladakh,2021-03-01,134.43
ladakh,2021-04-01,152.32
ladakh,2021-05-01,271.05
ladakh,2021-06-01,435.63
ladakh,2021-07-01,405.1
ladakh,2021-08-01,368.4
ladakh,2021-09-01,404.21
ladakh,2021-10-01,430.27
ladakh,2021-11-01,277.1
ladakh,2021-12-01,104.63
ladakh,2022-01-01,62.8
ladakh,2022-02-01,42.84
ladakh,2022-03-01,112.61
ladakh,2022-04-01,395.39
ladakh,2022-05-01,550.54
ladakh,2022-06-01,624.6
ladakh,2022-07-01,584.89
ladakh,2022-08-01,505.69
ladakh,2022-09-01,639.2
ladakh,2022-10-01,588.0
ladakh,2022-11-01,414.31
ladakh,2022-12-01,203.21
ladakh,2023-01-01,67.75
ladakh,2023-02-01,73.99
ladakh,2023-03-01,194.77
ladakh,2023-04-01,362.24
ladakh,2023-05-01,700.25
ladakh,2023-06-01,684.31
ladakh,2023-07-01,609.67
ladakh,2023-08-01,690.38
ladakh,2023-09-01,726.58
ladakh,2023-10-01,763.44
ladakh,2023-11-01,500.88
ladakh,2023-12-01,298.88
ladakh,2024-01-01,117.12
ladakh,2024-02-01,112.11
ladakh,2024-03-01,173.31
ladakh,2024-04-01,230.48
ladakh,2024-05-01,754.18
ladakh,2024-06-01,762.51
ladakh,2024-07-01,796.23
ladakh,2024-08-01,794.51
ladakh,2024-09-01,770.62
ladakh,2024-10-01,877.77
ladakh,2024-11-01,654.89
ladakh,2024-12-01,310.97
ladakh,2025-01-01,173.92
ladakh,2025-02-01,110.76
ladakh,2025-03-01,184.9
ladakh,2025-04-01,361.07
ladakh,2025-05-01,686.7
ladakh,2025-06-01,768.68
ladakh,2025-07-01,733.19
ladakh,2025-08-01,631.35
ladakh,2025-09-01,711.55
ladakh,2025-10-01,892.94
ladakh,2025-11-01,648.12
ladakh,2025-12-01,396.69
ladakh,2026-01-01,158.72
ladakh,2026-02-01,158.01
ladakh,2026-03-01,298.48
ladakh,2026-04-01,474.95
ladakh,2026-05-01,818.92
ladakh,2026-06-01,837.71
ladakh,2026-07-01,995.85
lakshadweep,2018-07-01,2.82
lakshadweep,2018-08-01,3.93
lakshadweep,2018-09-01,4.67
lakshadweep,2018-10-01,6.82
lakshadweep,2018-11-01,3.84
lakshadweep,2018-12-01,3.98
lakshadweep,2019-01-01,8.55
lakshadweep,2019-02-01,17.5
lakshadweep,2019-03-01,13.89
lakshadweep,2019-04-01,21.65
lakshadweep,2019-05-01,5.8
lakshadweep,2019-06-01,41.96
lakshadweep,2019-07-01,10.35
lakshadweep,2019-08-01,4.33
lakshadweep,2019-09-01,11.48
lakshadweep,2019-10-01,10.33
lakshadweep,2019-11-01,13.69
lakshadweep,2019-12-01,11.47
lakshadweep,2020-01-01,8.31
lakshadweep,2020-02-01,6.74
lakshadweep,2020-03-01,6.57
lakshadweep,2020-04-01,6.4
lakshadweep,2020-05-01,6.23
lakshadweep,2020-06-01,6.06
lakshadweep,2020-07-01,5.89
lakshadweep,2020-08-01,2.32
lakshadweep,2020-09-01,6.7
lakshadweep,2020-10-01,7.08
lakshadweep,2020-11-01,6.07
lakshadweep,2020-12-01,10.43
lakshadweep,2021-01-01,14.91
lakshadweep,2021-02-01,7.9
lakshadweep,2021-03-01,12.27
lakshadweep,2021-04-01,6.88
lakshadweep,2021-05-01,2.74
lakshadweep,2021-06-01,5.08
lakshadweep,2021-07-01,4.97
lakshadweep,2021-08-01,2.46
lakshadweep,2021-09-01,9.2
lakshadweep,2021-10-01,7.65
lakshadweep,2021-11-01,9.19
lakshadweep,2021-12-01,8.27
lakshadweep,2022-01-01,10.0
lakshadweep,2022-02-01,4.63
lakshadweep,2022-03-01,7.56
lakshadweep,2022-04-01,9.34
lakshadweep,2022-05-01,6.24
lakshadweep,2022-06-01,6.22
lakshadweep,2022-07-01,7.27
lakshadweep,2022-08-01,4.16
lakshadweep,2022-09-01,5.87
lakshadweep,2022-10-01,8.35
lakshadweep,2022-11-01,16.67
lakshadweep,2022-12-01,6.2
lakshadweep,2023-01-01,6.4
lakshadweep,2023-02-01,5.28
lakshadweep,2023-03-01,8.18
lakshadweep,2023-04-01,5.67
lakshadweep,2023-05-01,6.99
lakshadweep,2023-06-01,3.74
lakshadweep,2023-07-01,6.16
lakshadweep,2023-08-01,4.24
lakshadweep,2023-09-01,3.27
lakshadweep,2023-10-01,6.6
lakshadweep,2023-11-01,8.63
lakshadweep,2023-12-01,10.06
lakshadweep,2024-01-01,5.23
lakshadweep,2024-02-01,8.45
lakshadweep,2024-03-01,9.77
lakshadweep,2024-04-01,8.7
lakshadweep,2024-05-01,12.5
lakshadweep,2024-06-01,3.35
lakshadweep,2024-07-01,4.81
lakshadweep,2024-08-01,8.86
lakshadweep,2024-09-01,8.12
lakshadweep,2024-10-01,10.57
lakshadweep,2024-11-01,10.13
lakshadweep,2024-12-01,14.61
lakshadweep,2025-01-01,12.25
lakshadweep,2025-02-01,16.05
lakshadweep,2025-03-01,14.05
lakshadweep,2025-04-01,18.77
lakshadweep,2025-05-01,15.43
lakshadweep,2025-06-01,9.29
lakshadweep,2025-07-01,5.66
lakshadweep,2025-08-01,12.19
lakshadweep,2025-09-01,50.59
lakshadweep,2025-10-01,13.51
lakshadweep,2025-11-01,12.82
lakshadweep,2025-12-01,12.74
lakshadweep,2026-01-01,13.07
lakshadweep,2026-02-01,13.15
lakshadweep,2026-03-01,17.48
lakshadweep,2026-04-01,17.46
lakshadweep,2026-05-01,13.81
lakshadweep,2026-06-01,10.25
lakshadweep,2026-07-01,7.79
madhya pradesh,2018-07-01,42861.51
madhya pradesh,2018-08-01,49468.75
madhya pradesh,2018-09-01,49401.78
madhya pradesh,2018-10-01,55818.26
madhya pradesh,2018-11-01,49095.17
madhya pradesh,2018-12-01,51399.0
madhya pradesh,2019-01-01,51016.57
madhya pradesh,2019-02-01,47775.82
madhya pradesh,2019-03-01,53669.48
madhya pradesh,2019-04-01,48065.0
madhya pradesh,2019-05-01,48843.25
madhya pradesh,2019-06-01,46266.16
madhya pradesh,2019-07-01,44833.67
madhya pradesh,2019-08-01,41339.75
madhya pradesh,2019-09-01,41832.26
madhya pradesh,2019-10-01,44841.11
madhya pradesh,2019-11-01,47589.52
madhya pradesh,2019-12-01,49159.95
madhya pradesh,2020-01-01,49641.61
madhya pradesh,2020-02-01,48230.72
madhya pradesh,2020-03-01,47584.99
madhya pradesh,2020-04-01,46939.26
madhya pradesh,2020-05-01,46293.53
madhya pradesh,2020-06-01,45647.8
madhya pradesh,2020-07-01,45002.07
madhya pradesh,2020-08-01,43808.19
madhya pradesh,2020-09-01,49775.44
madhya pradesh,2020-10-01,55600.19
madhya pradesh,2020-11-01,51687.52
madhya pradesh,2020-12-01,58500.39
madhya pradesh,2021-01-01,58217.76
madhya pradesh,2021-02-01,59331.54
madhya pradesh,2021-03-01,68021.0
madhya pradesh,2021-04-01,53295.85
madhya pradesh,2021-05-01,45824.54
madhya pradesh,2021-06-01,57543.08
madhya pradesh,2021-07-01,63241.32
madhya pradesh,2021-08-01,60282.0
madhya pradesh,2021-09-01,62123.01
madhya pradesh,2021-10-01,16064.54
madhya pradesh,2021-11-01,63028.03
madhya pradesh,2021-12-01,77633.25
madhya pradesh,2022-01-01,75251.93
madhya pradesh,2022-02-01,75790.01
madhya pradesh,2022-03-01,87965.6
madhya pradesh,2022-04-01,83041.31
madhya pradesh,2022-05-01,78590.26
madhya pradesh,2022-06-01,79517.48
madhya pradesh,2022-07-01,75941.61
madhya pradesh,2022-08-01,73830.27
madhya pradesh,2022-09-01,78445.67
madhya pradesh,2022-10-01,78411.53
madhya pradesh,2022-11-01,87324.48
madhya pradesh,2022-12-01,87828.55
madhya pradesh,2023-01-01,87713.35
madhya pradesh,2023-02-01,87057.07
madhya pradesh,2023-03-01,96100.85
madhya pradesh,2023-04-01,86410.35
madhya pradesh,2023-05-01,86329.35
madhya pradesh,2023-06-01,87318.14
madhya pradesh,2023-07-01,85236.07
madhya pradesh,2023-08-01,85073.38
madhya pradesh,2023-09-01,85116.29
madhya pradesh,2023-10-01,98566.1
madhya pradesh,2023-11-01,87205.86
madhya pradesh,2023-12-01,94562.87
madhya pradesh,2024-01-01,93648.13
madhya pradesh,2024-02-01,95974.68
madhya pradesh,2024-03-01,103285.54
madhya pradesh,2024-04-01,89478.02
madhya pradesh,2024-05-01,96843.71
madhya pradesh,2024-06-01,96080.68
madhya pradesh,2024-07-01,92363.83
madhya pradesh,2024-08-01,88022.97
madhya pradesh,2024-09-01,97337.66
madhya pradesh,2024-10-01,104149.69
madhya pradesh,2024-11-01,96752.6
madhya pradesh,2024-12-01,104133.15
madhya pradesh,2025-01-01,109535.46
madhya pradesh,2025-02-01,101161.48
madhya pradesh,2025-03-01,118277.04
madhya pradesh,2025-04-01,102469.8
madhya pradesh,2025-05-01,106571.71
madhya pradesh,2025-06-01,103068.04
madhya pradesh,2025-07-01,104521.41
madhya pradesh,2025-08-01,101522.54
madhya pradesh,2025-09-01,110731.5
madhya pradesh,2025-10-01,108201.85
madhya pradesh,2025-11-01,115800.9
madhya pradesh,2025-12-01,123373.66
madhya pradesh,2026-01-01,124247.67
madhya pradesh,2026-02-01,121772.25
madhya pradesh,2026-03-01,138572.79
madhya pradesh,2026-04-01,121428.05
madhya pradesh,2026-05-01,126850.98
madhya pradesh,2026-06-01,130484.24
madhya pradesh,2026-07-01,131486.94
maharashtra,2018-07-01,270962.3
maharashtra,2018-08-01,322336.35
maharashtra,2018-09-01,311266.43
maharashtra,2018-10-01,340929.24
maharashtra,2018-11-01,285792.38
maharashtra,2018-12-01,316937.9
maharashtra,2019-01-01,318651.67
maharashtra,2019-02-01,315361.04
maharashtra,2019-03-01,360239.2
maharashtra,2019-04-01,306741.48
maharashtra,2019-05-01,318908.59
maharashtra,2019-06-01,296240.26
maharashtra,2019-07-01,301006.47
maharashtra,2019-08-01,297051.07
maharashtra,2019-09-01,297431.16
maharashtra,2019-10-01,290120.3
maharashtra,2019-11-01,298824.33
maharashtra,2019-12-01,320428.05
maharashtra,2020-01-01,339801.85
maharashtra,2020-02-01,331077.69
maharashtra,2020-03-01,315707.26
maharashtra,2020-04-01,300336.83
maharashtra,2020-05-01,284966.4
maharashtra,2020-06-01,269595.97000000003
maharashtra,2020-07-01,254225.54
maharashtra,2020-08-01,267549.83
maharashtra,2020-09-01,307443.83
maharashtra,2020-10-01,341002.73
maharashtra,2020-11-01,313248.64
maharashtra,2020-12-01,369999.58
maharashtra,2021-01-01,363361.35
maharashtra,2021-02-01,363661.62
maharashtra,2021-03-01,425467.58
maharashtra,2021-04-01,350332.41
maharashtra,2021-05-01,316539.82
maharashtra,2021-06-01,366165.81
maharashtra,2021-07-01,399301.13
maharashtra,2021-08-01,418536.0
maharashtra,2021-09-01,433442.37
maharashtra,2021-10-01,56300.57
maharashtra,2021-11-01,409041.04
maharashtra,2021-12-01,477681.1
maharashtra,2022-01-01,458806.15
maharashtra,2022-02-01,453159.96
maharashtra,2022-03-01,536181.71
maharashtra,2022-04-01,479401.79
maharashtra,2022-05-01,483576.29
maharashtra,2022-06-01,494085.98
maharashtra,2022-07-01,486477.79
maharashtra,2022-08-01,501483.52
maharashtra,2022-09-01,519640.69
maharashtra,2022-10-01,486674.68
maharashtra,2022-11-01,504117.76
maharashtra,2022-12-01,533290.33
maharashtra,2023-01-01,527913.84
maharashtra,2023-02-01,507858.2
maharashtra,2023-03-01,587882.04
maharashtra,2023-04-01,512613.38
maharashtra,2023-05-01,532566.98
maharashtra,2023-06-01,524618.53
maharashtra,2023-07-01,525378.58
maharashtra,2023-08-01,549551.87
maharashtra,2023-09-01,546100.54
maharashtra,2023-10-01,584424.1
maharashtra,2023-11-01,503356.47
maharashtra,2023-12-01,564078.88
maharashtra,2024-01-01,558301.25
maharashtra,2024-02-01,567624.93
maharashtra,2024-03-01,612413.42
maharashtra,2024-04-01,533765.07
maharashtra,2024-05-01,567265.98
maharashtra,2024-06-01,560284.27
maharashtra,2024-07-01,579547.99
maharashtra,2024-08-01,592205.08
maharashtra,2024-09-01,609213.64
maharashtra,2024-10-01,637559.19
maharashtra,2024-11-01,554950.36
maharashtra,2024-12-01,631680.22
maharashtra,2025-01-01,656628.26
maharashtra,2025-02-01,602507.06
maharashtra,2025-03-01,706333.49
maharashtra,2025-04-01,624739.63
maharashtra,2025-05-01,628628.35
maharashtra,2025-06-01,618363.36
maharashtra,2025-07-01,659924.56
maharashtra,2025-08-01,636096.19
maharashtra,2025-09-01,704295.19
maharashtra,2025-10-01,652621.15
maharashtra,2025-11-01,683625.37
maharashtra,2025-12-01,755885.72
maharashtra,2026-01-01,749688.59
maharashtra,2026-02-01,731536.41
maharashtra,2026-03-01,851046.04
maharashtra,2026-04-01,764387.84
maharashtra,2026-05-01,785568.14
maharashtra,2026-06-01,819885.13
maharashtra,2026-07-01,845710.25
manipur,2018-07-01,432.57
manipur,2018-08-01,552.35
manipur,2018-09-01,539.18
manipur,2018-10-01,660.18
manipur,2018-11-01,568.63
manipur,2018-12-01,610.47
manipur,2019-01-01,596.33
manipur,2019-02-01,576.52
manipur,2019-03-01,697.8
manipur,2019-04-01,638.74
manipur,2019-05-01,693.34
manipur,2019-06-01,631.67
manipur,2019-07-01,619.74
manipur,2019-08-01,623.28
manipur,2019-09-01,670.31
manipur,2019-10-01,644.22
manipur,2019-11-01,690.81
manipur,2019-12-01,606.4
manipur,2020-01-01,642.12
manipur,2020-02-01,706.21
manipur,2020-03-01,685.928
manipur,2020-04-01,665.646
manipur,2020-05-01,645.364
manipur,2020-06-01,625.082
manipur,2020-07-01,604.8
manipur,2020-08-01,533.09
manipur,2020-09-01,715.55
manipur,2020-10-01,809.37
manipur,2020-11-01,700.18
manipur,2020-12-01,814.12
manipur,2021-01-01,813.48
manipur,2021-02-01,925.39
manipur,2021-03-01,1054.89
manipur,2021-04-01,877.64
manipur,2021-05-01,546.39
manipur,2021-06-01,636.29
manipur,2021-07-01,653.73
manipur,2021-08-01,803.94
manipur,2021-09-01,922.07
manipur,2021-10-01,894.36
manipur,2021-11-01,883.37
manipur,2021-12-01,1034.33
manipur,2022-01-01,1009.61
manipur,2022-02-01,1062.48
manipur,2022-03-01,1155.43
manipur,2022-04-01,1155.55
manipur,2022-05-01,1079.06
manipur,2022-06-01,1015.41
manipur,2022-07-01,1025.16
manipur,2022-08-01,1134.5
manipur,2022-09-01,1182.01
manipur,2022-10-01,1059.88
manipur,2022-11-01,1151.94
manipur,2022-12-01,1125.0
manipur,2023-01-01,1111.47
manipur,2023-02-01,1221.47
manipur,2023-03-01,1422.22
manipur,2023-04-01,1196.88
manipur,2023-05-01,452.31
manipur,2023-06-01,574.15
manipur,2023-07-01,746.13
manipur,2023-08-01,750.35
manipur,2023-09-01,786.35
manipur,2023-10-01,1046.87
manipur,2023-11-01,836.14
manipur,2023-12-01,1135.92
manipur,2024-01-01,1198.27
manipur,2024-02-01,1169.59
manipur,2024-03-01,1479.89
manipur,2024-04-01,1113.11
manipur,2024-05-01,1241.03
manipur,2024-06-01,1113.82
manipur,2024-07-01,1269.81
manipur,2024-08-01,1134.72
manipur,2024-09-01,1157.51
manipur,2024-10-01,1319.97
manipur,2024-11-01,1280.54
manipur,2024-12-01,1483.24
manipur,2025-01-01,1519.19
manipur,2025-02-01,1328.63
manipur,2025-03-01,1693.63
manipur,2025-04-01,1476.55
manipur,2025-05-01,1638.98
manipur,2025-06-01,1127.6
manipur,2025-07-01,1446.36
manipur,2025-08-01,1311.08
manipur,2025-09-01,1359.98
manipur,2025-10-01,1480.14
manipur,2025-11-01,1415.78
manipur,2025-12-01,1620.93
manipur,2026-01-01,1688.84
manipur,2026-02-01,1621.07
manipur,2026-03-01,1963.51
manipur,2026-04-01,1511.31
manipur,2026-05-01,1470.64
manipur,2026-06-01,1616.85
manipur,2026-07-01,1483.16
meghalaya,2018-07-01,1165.88
meghalaya,2018-08-01,1230.72
meghalaya,2018-09-01,1227.44
meghalaya,2018-10-01,1338.76
meghalaya,2018-11-01,1374.7
meghalaya,2018-12-01,1285.08
meghalaya,2019-01-01,1360.72
meghalaya,2019-02-01,1455.47
meghalaya,2019-03-01,1745.99
meghalaya,2019-04-01,1391.3
meghalaya,2019-05-01,1416.28
meghalaya,2019-06-01,1207.14
meghalaya,2019-07-01,1166.12
meghalaya,2019-08-01,1269.99
meghalaya,2019-09-01,1326.92
meghalaya,2019-10-01,1358.57
meghalaya,2019-11-01,1447.17
meghalaya,2019-12-01,1295.15
meghalaya,2020-01-01,1504.49
meghalaya,2020-02-01,1522.5
meghalaya,2020-03-01,1444.116
meghalaya,2020-04-01,1365.732
meghalaya,2020-05-01,1287.348
meghalaya,2020-06-01,1208.964
meghalaya,2020-07-01,1130.58
meghalaya,2020-08-01,1285.88
meghalaya,2020-09-01,1353.85
meghalaya,2020-10-01,1496.02
meghalaya,2020-11-01,1458.61
meghalaya,2020-12-01,1678.19
meghalaya,2021-01-01,1778.11
meghalaya,2021-02-01,1801.55
meghalaya,2021-03-01,2240.79
meghalaya,2021-04-01,1899.57
meghalaya,2021-05-01,1297.99
meghalaya,2021-06-01,1370.83
meghalaya,2021-07-01,1521.62
meghalaya,2021-08-01,1554.96
meghalaya,2021-09-01,1716.61
meghalaya,2021-10-01,1781.62
meghalaya,2021-11-01,1999.41
meghalaya,2021-12-01,2228.13
meghalaya,2022-01-01,2442.86
meghalaya,2022-02-01,2393.37
meghalaya,2022-03-01,2843.26
meghalaya,2022-04-01,2535.14
meghalaya,2022-05-01,2230.0
meghalaya,2022-06-01,1951.31
meghalaya,2022-07-01,2142.23
meghalaya,2022-08-01,2339.53
meghalaya,2022-09-01,2315.46
meghalaya,2022-10-01,2192.98
meghalaya,2022-11-01,2486.13
meghalaya,2022-12-01,2958.74
meghalaya,2023-01-01,2844.57
meghalaya,2023-02-01,2560.95
meghalaya,2023-03-01,3307.77
meghalaya,2023-04-01,2704.9
meghalaya,2023-05-01,2726.85
meghalaya,2023-06-01,2234.33
meghalaya,2023-07-01,2157.7
meghalaya,2023-08-01,2352.67
meghalaya,2023-09-01,2325.48
meghalaya,2023-10-01,2396.44
meghalaya,2023-11-01,2555.75
meghalaya,2023-12-01,2668.24
meghalaya,2024-01-01,2446.42
meghalaya,2024-02-01,2943.86
meghalaya,2024-03-01,3288.45
meghalaya,2024-04-01,2697.91
meghalaya,2024-05-01,2374.7
meghalaya,2024-06-01,2093.76
meghalaya,2024-07-01,2007.94
meghalaya,2024-08-01,2101.18
meghalaya,2024-09-01,2233.92
meghalaya,2024-10-01,2318.34
meghalaya,2024-11-01,2505.95
meghalaya,2024-12-01,2695.46
meghalaya,2025-01-01,2841.97
meghalaya,2025-02-01,2736.54
meghalaya,2025-03-01,3143.16
meghalaya,2025-04-01,2671.28
meghalaya,2025-05-01,2506.73
meghalaya,2025-06-01,2243.2
meghalaya,2025-07-01,2508.91
meghalaya,2025-08-01,2397.0
meghalaya,2025-09-01,2370.68
meghalaya,2025-10-01,2459.38
meghalaya,2025-11-01,2747.45
meghalaya,2025-12-01,3065.42
meghalaya,2026-01-01,3002.74
meghalaya,2026-02-01,2993.46
meghalaya,2026-03-01,3499.5
meghalaya,2026-04-01,2932.15
meghalaya,2026-05-01,3079.25
meghalaya,2026-06-01,2857.32
meghalaya,2026-07-01,2814.05
mizoram,2018-07-01,284.49
mizoram,2018-08-01,294.77
mizoram,2018-09-01,404.33
mizoram,2018-10-01,450.4
mizoram,2018-11-01,475.94
mizoram,2018-12-01,458.21
mizoram,2019-01-01,529.2
mizoram,2019-02-01,578.67
mizoram,2019-03-01,615.14
mizoram,2019-04-01,456.04
mizoram,2019-05-01,716.93
mizoram,2019-06-01,474.54
mizoram,2019-07-01,526.09
mizoram,2019-08-01,600.51
mizoram,2019-09-01,431.51
mizoram,2019-10-01,408.38
mizoram,2019-11-01,483.63
mizoram,2019-12-01,596.3
mizoram,2020-01-01,576.36
mizoram,2020-02-01,619.39
mizoram,2020-03-01,574.8
mizoram,2020-04-01,530.21
mizoram,2020-05-01,485.62
mizoram,2020-06-01,441.03
mizoram,2020-07-01,396.44
mizoram,2020-08-01,414.79
mizoram,2020-09-01,510.45
mizoram,2020-10-01,419.2
mizoram,2020-11-01,605.67
mizoram,2020-12-01,808.64
mizoram,2021-01-01,678.85
mizoram,2021-02-01,744.77
mizoram,2021-03-01,672.35
mizoram,2021-04-01,631.1
mizoram,2021-05-01,300.64
mizoram,2021-06-01,394.84
mizoram,2021-07-01,378.99
mizoram,2021-08-01,481.92
mizoram,2021-09-01,512.76
mizoram,2021-10-01,500.95
mizoram,2021-11-01,577.51
mizoram,2021-12-01,735.27
mizoram,2022-01-01,639.09
mizoram,2022-02-01,595.84
mizoram,2022-03-01,725.75
mizoram,2022-04-01,617.83
mizoram,2022-05-01,640.62
mizoram,2022-06-01,528.69
mizoram,2022-07-01,619.17
mizoram,2022-08-01,603.31
mizoram,2022-09-01,617.91
mizoram,2022-10-01,597.82
mizoram,2022-11-01,624.77
mizoram,2022-12-01,647.43
mizoram,2023-01-01,654.78
mizoram,2023-02-01,649.94
mizoram,2023-03-01,764.14
mizoram,2023-04-01,613.25
mizoram,2023-05-01,704.25
mizoram,2023-06-01,608.37
mizoram,2023-07-01,608.8
mizoram,2023-08-01,576.06
mizoram,2023-09-01,608.12
mizoram,2023-10-01,620.35
mizoram,2023-11-01,632.72
mizoram,2023-12-01,581.69
mizoram,2024-01-01,615.63
mizoram,2024-02-01,661.41
mizoram,2024-03-01,735.46
mizoram,2024-04-01,610.07
mizoram,2024-05-01,628.92
mizoram,2024-06-01,538.27
mizoram,2024-07-01,556.42
mizoram,2024-08-01,520.0
mizoram,2024-09-01,496.77
mizoram,2024-10-01,588.0
mizoram,2024-11-01,681.83
mizoram,2024-12-01,629.62
mizoram,2025-01-01,697.05
mizoram,2025-02-01,680.08
mizoram,2025-03-01,786.19
mizoram,2025-04-01,698.49
mizoram,2025-05-01,735.86
mizoram,2025-06-01,572.75
mizoram,2025-07-01,584.96
mizoram,2025-08-01,675.55
mizoram,2025-09-01,657.39
mizoram,2025-10-01,677.58
mizoram,2025-11-01,745.27
mizoram,2025-12-01,732.97
mizoram,2026-01-01,791.91
mizoram,2026-02-01,902.93
mizoram,2026-03-01,906.03
mizoram,2026-04-01,796.08
mizoram,2026-05-01,851.39
mizoram,2026-06-01,824.98
mizoram,2026-07-01,850.6
nagaland,2018-07-01,486.2
nagaland,2018-08-01,465.28
nagaland,2018-09-01,496.92
nagaland,2018-10-01,566.07
nagaland,2018-11-01,542.89
nagaland,2018-12-01,531.47
nagaland,2019-01-01,543.2
nagaland,2019-02-01,588.31
nagaland,2019-03-01,641.05
nagaland,2019-04-01,565.08
nagaland,2019-05-01,617.52
nagaland,2019-06-01,537.99
nagaland,2019-07-01,535.09
nagaland,2019-08-01,545.17
nagaland,2019-09-01,569.72
nagaland,2019-10-01,518.03
nagaland,2019-11-01,646.94
nagaland,2019-12-01,555.08
nagaland,2020-01-01,576.77
nagaland,2020-02-01,702.23
nagaland,2020-03-01,655.626
nagaland,2020-04-01,609.022
nagaland,2020-05-01,562.418
nagaland,2020-06-01,515.814
nagaland,2020-07-01,469.21
nagaland,2020-08-01,514.5
nagaland,2020-09-01,623.51
nagaland,2020-10-01,678.77
nagaland,2020-11-01,665.51
nagaland,2020-12-01,725.4
nagaland,2021-01-01,854.19
nagaland,2021-02-01,699.47
nagaland,2021-03-01,882.01
nagaland,2021-04-01,772.74
nagaland,2021-05-01,495.61
nagaland,2021-06-01,563.95
nagaland,2021-07-01,676.75
nagaland,2021-08-01,734.49
nagaland,2021-09-01,736.92
nagaland,2021-10-01,722.16
nagaland,2021-11-01,766.32
nagaland,2021-12-01,840.48
nagaland,2022-01-01,811.22
nagaland,2022-02-01,842.07
nagaland,2022-03-01,1031.03
nagaland,2022-04-01,950.27
nagaland,2022-05-01,838.47
nagaland,2022-06-01,834.12
nagaland,2022-07-01,827.5
nagaland,2022-08-01,893.7
nagaland,2022-09-01,954.54
nagaland,2022-10-01,854.01
nagaland,2022-11-01,965.98
nagaland,2022-12-01,987.54
nagaland,2023-01-01,1055.05
nagaland,2023-02-01,973.27
nagaland,2023-03-01,1268.12
nagaland,2023-04-01,1014.67
nagaland,2023-05-01,971.16
nagaland,2023-06-01,871.78
nagaland,2023-07-01,849.02
nagaland,2023-08-01,906.19
nagaland,2023-09-01,1070.4
nagaland,2023-10-01,930.88
nagaland,2023-11-01,1000.23
nagaland,2023-12-01,953.85
nagaland,2024-01-01,950.6
nagaland,2024-02-01,964.44
nagaland,2024-03-01,1168.05
nagaland,2024-04-01,885.93
nagaland,2024-05-01,996.04
nagaland,2024-06-01,930.01
nagaland,2024-07-01,855.37
nagaland,2024-08-01,864.3
nagaland,2024-09-01,872.85
nagaland,2024-10-01,871.97
nagaland,2024-11-01,918.22
nagaland,2024-12-01,942.34
nagaland,2025-01-01,941.29
nagaland,2025-02-01,955.03
nagaland,2025-03-01,1155.61
nagaland,2025-04-01,1004.3
nagaland,2025-05-01,1002.59
nagaland,2025-06-01,896.34
nagaland,2025-07-01,1015.4
nagaland,2025-08-01,936.69
nagaland,2025-09-01,908.9
nagaland,2025-10-01,926.61
nagaland,2025-11-01,1002.31
nagaland,2025-12-01,1069.12
nagaland,2026-01-01,1004.89
nagaland,2026-02-01,1100.59
nagaland,2026-03-01,1298.86
nagaland,2026-04-01,1033.53
nagaland,2026-05-01,1119.55
nagaland,2026-06-01,1111.79
nagaland,2026-07-01,1063.5
odisha,2018-07-01,45225.15
odisha,2018-08-01,48270.8
odisha,2018-09-01,46643.75
odisha,2018-10-01,48268.13
odisha,2018-11-01,46528.06
odisha,2018-12-01,46464.1
odisha,2019-01-01,44599.94
odisha,2019-02-01,44937.88
odisha,2019-03-01,50036.69
odisha,2019-04-01,43737.28
odisha,2019-05-01,42503.32
odisha,2019-06-01,43321.22
odisha,2019-07-01,43573.95
odisha,2019-08-01,41727.94
odisha,2019-09-01,40907.62
odisha,2019-10-01,40593.51
odisha,2019-11-01,42608.19
odisha,2019-12-01,44203.85
odisha,2020-01-01,45149.16
odisha,2020-02-01,45867.9
odisha,2020-03-01,46006.234000000004
odisha,2020-04-01,46144.568
odisha,2020-05-01,46282.902
odisha,2020-06-01,46421.236
odisha,2020-07-01,46559.57
odisha,2020-08-01,39973.16
odisha,2020-09-01,44393.9
odisha,2020-10-01,45118.49
odisha,2020-11-01,47150.78
odisha,2020-12-01,53917.28
odisha,2021-01-01,56343.93
odisha,2021-02-01,53132.58
odisha,2021-03-01,65788.9
odisha,2021-04-01,62295.3
odisha,2021-05-01,53487.48
odisha,2021-06-01,60423.24
odisha,2021-07-01,63553.92
odisha,2021-08-01,63251.24
odisha,2021-09-01,59838.05
odisha,2021-10-01,59400.25
odisha,2021-11-01,66904.71
odisha,2021-12-01,71293.44
odisha,2022-01-01,71994.47
odisha,2022-02-01,70571.49
odisha,2022-03-01,86684.26
odisha,2022-04-01,79754.98
odisha,2022-05-01,81001.49
odisha,2022-06-01,76194.92
odisha,2022-07-01,74069.15
odisha,2022-08-01,74422.6
odisha,2022-09-01,76315.14
odisha,2022-10-01,74877.24
odisha,2022-11-01,79379.26
odisha,2022-12-01,83899.53
odisha,2023-01-01,83403.16
odisha,2023-02-01,83396.1
odisha,2023-03-01,93916.8
odisha,2023-04-01,84748.44
odisha,2023-05-01,86764.42
odisha,2023-06-01,80479.85
odisha,2023-07-01,80897.54
odisha,2023-08-01,82115.88
odisha,2023-09-01,81122.65
odisha,2023-10-01,84400.72
odisha,2023-11-01,82197.51
odisha,2023-12-01,86680.2
odisha,2024-01-01,92796.31
odisha,2024-02-01,90730.58
odisha,2024-03-01,97163.1
odisha,2024-04-01,88033.67
odisha,2024-05-01,92153.85
odisha,2024-06-01,86764.28
odisha,2024-07-01,84045.48
odisha,2024-08-01,81956.66
odisha,2024-09-01,83803.58
odisha,2024-10-01,85007.72
odisha,2024-11-01,84544.76
odisha,2024-12-01,89720.23
odisha,2025-01-01,92969.85
odisha,2025-02-01,87343.72
odisha,2025-03-01,112786.69
odisha,2025-04-01,99110.86
odisha,2025-05-01,108270.66
odisha,2025-06-01,95571.41
odisha,2025-07-01,100520.42
odisha,2025-08-01,90949.33
odisha,2025-09-01,95779.48
odisha,2025-10-01,92898.76
odisha,2025-11-01,267179.59
odisha,2025-12-01,108263.09
odisha,2026-01-01,107961.6
odisha,2026-02-01,106633.38
odisha,2026-03-01,123208.85
odisha,2026-04-01,109226.26
odisha,2026-05-01,116562.72
odisha,2026-06-01,113769.76
odisha,2026-07-01,115961.45
puducherry,2018-07-01,6045.35
puducherry,2018-08-01,7112.27
puducherry,2018-09-01,7085.73
puducherry,2018-10-01,6441.35
puducherry,2018-11-01,6066.46
puducherry,2018-12-01,6525.68
puducherry,2019-01-01,5989.62
puducherry,2019-02-01,6073.29
puducherry,2019-03-01,7115.84
puducherry,2019-04-01,5892.18
puducherry,2019-05-01,6499.43
puducherry,2019-06-01,6156.72
puducherry,2019-07-01,6184.61
puducherry,2019-08-01,6175.91
puducherry,2019-09-01,7225.41
puducherry,2019-10-01,5795.55
puducherry,2019-11-01,5983.19
puducherry,2019-12-01,6633.85
puducherry,2020-01-01,5830.76
puducherry,2020-02-01,5838.6
puducherry,2020-03-01,5824.902
puducherry,2020-04-01,5811.204
puducherry,2020-05-01,5797.506
puducherry,2020-06-01,5783.808
puducherry,2020-07-01,5770.11
puducherry,2020-08-01,5496.42
puducherry,2020-09-01,6487.42
puducherry,2020-10-01,6172.4
puducherry,2020-11-01,5434.56
puducherry,2020-12-01,6523.76
puducherry,2021-01-01,6059.62
puducherry,2021-02-01,6230.25
puducherry,2021-03-01,7548.92
puducherry,2021-04-01,6724.52
puducherry,2021-05-01,5457.88
puducherry,2021-06-01,7227.84
puducherry,2021-07-01,7207.29
puducherry,2021-08-01,8486.82
puducherry,2021-09-01,9141.04
puducherry,2021-10-01,616.56
puducherry,2021-11-01,8155.05
puducherry,2021-12-01,9640.96
puducherry,2022-01-01,8343.55
puducherry,2022-02-01,9107.0
puducherry,2022-03-01,10777.57
puducherry,2022-04-01,8837.65
puducherry,2022-05-01,9575.01
puducherry,2022-06-01,9991.37
puducherry,2022-07-01,9890.98
puducherry,2022-08-01,9538.33
puducherry,2022-09-01,10392.25
puducherry,2022-10-01,8437.59
puducherry,2022-11-01,8942.94
puducherry,2022-12-01,9605.89
puducherry,2023-01-01,8674.54
puducherry,2023-02-01,8926.06
puducherry,2023-03-01,11443.2
puducherry,2023-04-01,8900.29
puducherry,2023-05-01,9232.08
puducherry,2023-06-01,9983.75
puducherry,2023-07-01,9473.06
puducherry,2023-08-01,9983.89
puducherry,2023-09-01,10751.31
puducherry,2023-10-01,10100.47
puducherry,2023-11-01,9290.28
puducherry,2023-12-01,10545.35
puducherry,2024-01-01,9098.11
puducherry,2024-02-01,9958.73
puducherry,2024-03-01,11430.44
puducherry,2024-04-01,9489.15
puducherry,2024-05-01,11144.2
puducherry,2024-06-01,10669.1
puducherry,2024-07-01,11099.75
puducherry,2024-08-01,11412.16
puducherry,2024-09-01,11431.19
puducherry,2024-10-01,10443.38
puducherry,2024-11-01,10311.05
puducherry,2024-12-01,11325.07
puducherry,2025-01-01,10112.66
puducherry,2025-02-01,10125.06
puducherry,2025-03-01,13011.01
puducherry,2025-04-01,10707.59
puducherry,2025-05-01,11383.48
puducherry,2025-06-01,12322.85
puducherry,2025-07-01,12821.21
puducherry,2025-08-01,12466.92
puducherry,2025-09-01,12973.69
puducherry,2025-10-01,10756.73
puducherry,2025-11-01,11925.83
puducherry,2025-12-01,14674.0
puducherry,2026-01-01,13971.78
puducherry,2026-02-01,14876.52
puducherry,2026-03-01,17528.68
puducherry,2026-04-01,13767.94
puducherry,2026-05-01,16016.37
puducherry,2026-06-01,17886.31
puducherry,2026-07-01,16896.64
punjab,2018-07-01,67685.19
punjab,2018-08-01,81548.23
punjab,2018-09-01,77231.49
punjab,2018-10-01,82741.67
punjab,2018-11-01,72955.77
punjab,2018-12-01,75990.32
punjab,2019-01-01,75481.98
punjab,2019-02-01,72180.25
punjab,2019-03-01,81612.37
punjab,2019-04-01,72927.75
punjab,2019-05-01,74348.22
punjab,2019-06-01,68521.72
punjab,2019-07-01,70024.99
punjab,2019-08-01,68647.18
punjab,2019-09-01,73529.45
punjab,2019-10-01,75674.99
punjab,2019-11-01,74408.54
punjab,2019-12-01,76359.42
punjab,2020-01-01,76568.52
punjab,2020-02-01,76454.7
punjab,2020-03-01,75770.13799999999
punjab,2020-04-01,75085.576
punjab,2020-05-01,74401.014
punjab,2020-06-01,73716.452
punjab,2020-07-01,73031.89
punjab,2020-08-01,74377.95
punjab,2020-09-01,83925.13
punjab,2020-10-01,91306.96
punjab,2020-11-01,81678.08
punjab,2020-12-01,92987.25
punjab,2021-01-01,89071.84
punjab,2021-02-01,90588.31
punjab,2021-03-01,104142.14
punjab,2021-04-01,91796.85
punjab,2021-05-01,76328.23
punjab,2021-06-01,90612.43
punjab,2021-07-01,95395.99
punjab,2021-08-01,101883.6
punjab,2021-09-01,105370.59
punjab,2021-10-01,106551.0
punjab,2021-11-01,99151.69
punjab,2021-12-01,109699.06
punjab,2022-01-01,102623.87
punjab,2022-02-01,105562.4
punjab,2022-03-01,127601.12
punjab,2022-04-01,116499.81
punjab,2022-05-01,113723.28
punjab,2022-06-01,111048.48
punjab,2022-07-01,113148.34
punjab,2022-08-01,118799.07
punjab,2022-09-01,121395.57
punjab,2022-10-01,114220.92
punjab,2022-11-01,114753.37
punjab,2022-12-01,119688.32
punjab,2023-01-01,117720.93
punjab,2023-02-01,118942.76
punjab,2023-03-01,136848.36
punjab,2023-04-01,117412.4
punjab,2023-05-01,120359.48
punjab,2023-06-01,117620.55
punjab,2023-07-01,116673.5
punjab,2023-08-01,127453.08
punjab,2023-09-01,131614.79
punjab,2023-10-01,135537.42
punjab,2023-11-01,117854.5
punjab,2023-12-01,125404.88
punjab,2024-01-01,123447.89
punjab,2024-02-01,125920.33
punjab,2024-03-01,141789.99
punjab,2024-04-01,124515.13
punjab,2024-05-01,135341.96
punjab,2024-06-01,128256.29
punjab,2024-07-01,131334.7
punjab,2024-08-01,133230.88
punjab,2024-09-01,139925.7
punjab,2024-10-01,145493.08
punjab,2024-11-01,128055.99
punjab,2024-12-01,134370.59
punjab,2025-01-01,144342.08
punjab,2025-02-01,133308.13
punjab,2025-03-01,157575.05
punjab,2025-04-01,138731.45
punjab,2025-05-01,141686.1
punjab,2025-06-01,136707.5
punjab,2025-07-01,145521.69
punjab,2025-08-01,141345.4
punjab,2025-09-01,151774.22
punjab,2025-10-01,147605.33
punjab,2025-11-01,148213.76
punjab,2025-12-01,157467.98
punjab,2026-01-01,157099.17
punjab,2026-02-01,156429.85
punjab,2026-03-01,177806.62
punjab,2026-04-01,156022.36
punjab,2026-05-01,161583.83
punjab,2026-06-01,164326.67
punjab,2026-07-01,172166.57
rajasthan,2018-07-01,80654.19
rajasthan,2018-08-01,89123.35
rajasthan,2018-09-01,89148.97
rajasthan,2018-10-01,100839.51
rajasthan,2018-11-01,83773.76
rajasthan,2018-12-01,89608.61
rajasthan,2019-01-01,91820.13
rajasthan,2019-02-01,87632.08
rajasthan,2019-03-01,98615.27
rajasthan,2019-04-01,90907.84
rajasthan,2019-05-01,91123.19
rajasthan,2019-06-01,83554.47
rajasthan,2019-07-01,82923.27
rajasthan,2019-08-01,78805.71
rajasthan,2019-09-01,82891.24
rajasthan,2019-10-01,87565.58
rajasthan,2019-11-01,89317.83
rajasthan,2019-12-01,91382.88
rajasthan,2020-01-01,90762.46
rajasthan,2020-02-01,89477.03
rajasthan,2020-03-01,88770.808
rajasthan,2020-04-01,88064.586
rajasthan,2020-05-01,87358.364
rajasthan,2020-06-01,86652.14199999999
rajasthan,2020-07-01,85945.92
rajasthan,2020-08-01,83717.79
rajasthan,2020-09-01,94383.06
rajasthan,2020-10-01,106451.1
rajasthan,2020-11-01,97054.33
rajasthan,2020-12-01,111258.9
rajasthan,2021-01-01,110241.32
rajasthan,2021-02-01,109357.64
rajasthan,2021-03-01,130592.41
rajasthan,2021-04-01,108433.76
rajasthan,2021-05-01,78642.23
rajasthan,2021-06-01,104567.88
rajasthan,2021-07-01,121026.84
rajasthan,2021-08-01,124764.48
rajasthan,2021-09-01,125533.92
rajasthan,2021-10-01,115591.32
rajasthan,2021-11-01,117336.14
rajasthan,2021-12-01,136275.03
rajasthan,2022-01-01,133635.72
rajasthan,2022-02-01,134932.83
rajasthan,2022-03-01,162637.55
rajasthan,2022-04-01,153090.37
rajasthan,2022-05-01,138816.8
rajasthan,2022-06-01,137743.7
rajasthan,2022-07-01,131377.44
rajasthan,2022-08-01,134506.42
rajasthan,2022-09-01,143139.89
rajasthan,2022-10-01,136434.2
rajasthan,2022-11-01,146493.18
rajasthan,2022-12-01,148943.66
rajasthan,2023-01-01,146957.53
rajasthan,2023-02-01,146815.76
rajasthan,2023-03-01,163692.78
rajasthan,2023-04-01,147526.24
rajasthan,2023-05-01,147413.37
rajasthan,2023-06-01,137744.93
rajasthan,2023-07-01,142708.48
rajasthan,2023-08-01,153315.48
rajasthan,2023-09-01,157331.62
rajasthan,2023-10-01,173382.17
rajasthan,2023-11-01,145908.61
rajasthan,2023-12-01,159534.77
rajasthan,2024-01-01,161882.84
rajasthan,2024-02-01,164035.41
rajasthan,2024-03-01,179931.82
rajasthan,2024-04-01,162409.44
rajasthan,2024-05-01,166959.4
rajasthan,2024-06-01,156286.62
rajasthan,2024-07-01,159860.23
rajasthan,2024-08-01,149929.23
rajasthan,2024-09-01,166896.82
rajasthan,2024-10-01,179341.92
rajasthan,2024-11-01,158016.52
rajasthan,2024-12-01,171638.91
rajasthan,2025-01-01,181713.71
rajasthan,2025-02-01,167912.19
rajasthan,2025-03-01,195034.31
rajasthan,2025-04-01,176287.3
rajasthan,2025-05-01,176980.4
rajasthan,2025-06-01,170485.72
rajasthan,2025-07-01,176614.08
rajasthan,2025-08-01,169979.0
rajasthan,2025-09-01,183244.69
rajasthan,2025-10-01,176311.98
rajasthan,2025-11-01,186025.24
rajasthan,2025-12-01,201340.85
rajasthan,2026-01-01,203588.34
rajasthan,2026-02-01,201499.86
rajasthan,2026-03-01,225848.23
rajasthan,2026-04-01,210425.27
rajasthan,2026-05-01,218053.57
rajasthan,2026-06-01,211646.12
rajasthan,2026-07-01,216982.03
sikkim,2018-07-01,2644.7
sikkim,2018-08-01,2719.24
sikkim,2018-09-01,2602.81
sikkim,2018-10-01,2553.9
sikkim,2018-11-01,2520.8
sikkim,2018-12-01,2830.82
sikkim,2019-01-01,2662.2
sikkim,2019-02-01,2439.86
sikkim,2019-03-01,2835.35
sikkim,2019-04-01,2756.29
sikkim,2019-05-01,3010.97
sikkim,2019-06-01,2891.91
sikkim,2019-07-01,2741.66
sikkim,2019-08-01,3034.72
sikkim,2019-09-01,3074.35
sikkim,2019-10-01,2501.89
sikkim,2019-11-01,3232.03
sikkim,2019-12-01,3062.06
sikkim,2020-01-01,3051.87
sikkim,2020-02-01,3023.28
sikkim,2020-03-01,2902.916
sikkim,2020-04-01,2782.552
sikkim,2020-05-01,2662.188
sikkim,2020-06-01,2541.824
sikkim,2020-07-01,2421.46
sikkim,2020-08-01,1742.86
sikkim,2020-09-01,3181.81
sikkim,2020-10-01,3449.7
sikkim,2020-11-01,3186.72
sikkim,2020-12-01,3776.54
sikkim,2021-01-01,3253.18
sikkim,2021-02-01,3147.76
sikkim,2021-03-01,3602.34
sikkim,2021-04-01,3797.01
sikkim,2021-05-01,3719.81
sikkim,2021-06-01,3799.36
sikkim,2021-07-01,3785.19
sikkim,2021-08-01,3787.61
sikkim,2021-09-01,3950.68
sikkim,2021-10-01,3123.61
sikkim,2021-11-01,4017.76
sikkim,2021-12-01,4635.04
sikkim,2022-01-01,4219.08
sikkim,2022-02-01,4038.85
sikkim,2022-03-01,4268.67
sikkim,2022-04-01,4289.08
sikkim,2022-05-01,4331.98
sikkim,2022-06-01,4433.25
sikkim,2022-07-01,4587.42
sikkim,2022-08-01,4698.74
sikkim,2022-09-01,4595.76
sikkim,2022-10-01,3526.06
sikkim,2022-11-01,4839.52
sikkim,2022-12-01,4671.79
sikkim,2023-01-01,4171.89
sikkim,2023-02-01,4054.77
sikkim,2023-03-01,4774.3
sikkim,2023-04-01,4792.98
sikkim,2023-05-01,4905.54
sikkim,2023-06-01,5213.16
sikkim,2023-07-01,5047.87
sikkim,2023-08-01,4730.71
sikkim,2023-09-01,4681.88
sikkim,2023-10-01,3412.63
sikkim,2023-11-01,4137.26
sikkim,2023-12-01,4771.4
sikkim,2024-01-01,4699.85
sikkim,2024-02-01,4560.19
sikkim,2024-03-01,5180.59
sikkim,2024-04-01,4457.41
sikkim,2024-05-01,4816.89
sikkim,2024-06-01,4587.91
sikkim,2024-07-01,4771.78
sikkim,2024-08-01,4765.85
sikkim,2024-09-01,4698.58
sikkim,2024-10-01,4624.68
sikkim,2024-11-01,4516.06
sikkim,2024-12-01,4991.62
sikkim,2025-01-01,5021.39
sikkim,2025-02-01,4534.76
sikkim,2025-03-01,5540.72
sikkim,2025-04-01,5130.79
sikkim,2025-05-01,5268.01
sikkim,2025-06-01,5277.0
sikkim,2025-07-01,5717.09
sikkim,2025-08-01,5113.06
sikkim,2025-09-01,5400.75
sikkim,2025-10-01,4152.97
sikkim,2025-11-01,5144.26
sikkim,2025-12-01,5454.95
sikkim,2026-01-01,4936.22
sikkim,2026-02-01,4990.92
sikkim,2026-03-01,5650.23
sikkim,2026-04-01,5710.46
sikkim,2026-05-01,5378.64
sikkim,2026-06-01,5810.37
sikkim,2026-07-01,5675.82
tamil nadu,2018-07-01,176565.68
tamil nadu,2018-08-01,190243.44
tamil nadu,2018-09-01,195079.1
tamil nadu,2018-10-01,193327.82
tamil nadu,2018-11-01,172662.41
tamil nadu,2018-12-01,187667.8
tamil nadu,2019-01-01,178215.43
tamil nadu,2019-02-01,177815.45
tamil nadu,2019-03-01,204398.35
tamil nadu,2019-04-01,181056.02
tamil nadu,2019-05-01,190333.94
tamil nadu,2019-06-01,183187.7
tamil nadu,2019-07-01,191553.95
tamil nadu,2019-08-01,187579.16
tamil nadu,2019-09-01,181777.62
tamil nadu,2019-10-01,172698.33
tamil nadu,2019-11-01,177680.43
tamil nadu,2019-12-01,188511.67
tamil nadu,2020-01-01,184875.95
tamil nadu,2020-02-01,185860.37
tamil nadu,2020-03-01,180729.014
tamil nadu,2020-04-01,175597.658
tamil nadu,2020-05-01,170466.302
tamil nadu,2020-06-01,165334.946
tamil nadu,2020-07-01,160203.59
tamil nadu,2020-08-01,171222.38
tamil nadu,2020-09-01,193189.4
tamil nadu,2020-10-01,201017.41
tamil nadu,2020-11-01,180999.89
tamil nadu,2020-12-01,225088.5
tamil nadu,2021-01-01,208961.9
tamil nadu,2021-02-01,222775.17
tamil nadu,2021-03-01,253590.41
tamil nadu,2021-04-01,220625.27
tamil nadu,2021-05-01,151071.83
tamil nadu,2021-06-01,188215.98
tamil nadu,2021-07-01,237132.59
tamil nadu,2021-08-01,243218.65
tamil nadu,2021-09-01,257754.65
tamil nadu,2021-10-01,34414.11
tamil nadu,2021-11-01,218603.62
tamil nadu,2021-12-01,424144.87
tamil nadu,2022-01-01,247436.69
tamil nadu,2022-02-01,258241.28
tamil nadu,2022-03-01,301395.8
tamil nadu,2022-04-01,277365.87
tamil nadu,2022-05-01,281951.55
tamil nadu,2022-06-01,286077.92
tamil nadu,2022-07-01,294566.88
tamil nadu,2022-08-01,297620.15
tamil nadu,2022-09-01,312217.42
tamil nadu,2022-10-01,277826.32
tamil nadu,2022-11-01,293656.45
tamil nadu,2022-12-01,310388.49
tamil nadu,2023-01-01,295645.11
tamil nadu,2023-02-01,302785.15
tamil nadu,2023-03-01,357523.23
tamil nadu,2023-04-01,314668.04
tamil nadu,2023-05-01,332245.32
tamil nadu,2023-06-01,332360.43
tamil nadu,2023-07-01,344104.7
tamil nadu,2023-08-01,353033.8
tamil nadu,2023-09-01,363468.14
tamil nadu,2023-10-01,352507.67
tamil nadu,2023-11-01,319056.88
tamil nadu,2023-12-01,339969.93
tamil nadu,2024-01-01,341540.02
tamil nadu,2024-02-01,357563.23
tamil nadu,2024-03-01,390270.45
tamil nadu,2024-04-01,344326.78
tamil nadu,2024-05-01,365657.56
tamil nadu,2024-06-01,360841.43
tamil nadu,2024-07-01,381800.76
tamil nadu,2024-08-01,381159.18
tamil nadu,2024-09-01,390438.64
tamil nadu,2024-10-01,387991.75
tamil nadu,2024-11-01,361739.36
tamil nadu,2024-12-01,392556.25
tamil nadu,2025-01-01,398565.85
tamil nadu,2025-02-01,381412.72
tamil nadu,2025-03-01,436979.26
tamil nadu,2025-04-01,394500.23
tamil nadu,2025-05-01,410575.05
tamil nadu,2025-06-01,401349.1
tamil nadu,2025-07-01,432681.01
tamil nadu,2025-08-01,413019.84
tamil nadu,2025-09-01,440354.88
tamil nadu,2025-10-01,408223.07
tamil nadu,2025-11-01,419161.7
tamil nadu,2025-12-01,460189.85
tamil nadu,2026-01-01,441739.29
tamil nadu,2026-02-01,447201.88
tamil nadu,2026-03-01,510769.11
tamil nadu,2026-04-01,459256.43
tamil nadu,2026-05-01,476564.8
tamil nadu,2026-06-01,499564.55
tamil nadu,2026-07-01,530855.34
telangana,2018-07-01,65408.49
telangana,2018-08-01,72469.13
telangana,2018-09-01,71146.07
telangana,2018-10-01,73688.86
telangana,2018-11-01,70222.39
telangana,2018-12-01,73453.73
telangana,2019-01-01,71626.39
telangana,2019-02-01,71295.83
telangana,2019-03-01,81933.28
telangana,2019-04-01,66069.62
telangana,2019-05-01,71112.39
telangana,2019-06-01,67674.5
telangana,2019-07-01,70811.38
telangana,2019-08-01,70025.12
telangana,2019-09-01,70207.97
telangana,2019-10-01,66559.67
telangana,2019-11-01,71152.03
telangana,2019-12-01,80680.25
telangana,2020-01-01,82121.03
telangana,2020-02-01,80838.76
telangana,2020-03-01,80402.80399999999
telangana,2020-04-01,79966.848
telangana,2020-05-01,79530.89199999999
telangana,2020-06-01,79094.936
telangana,2020-07-01,78658.98
telangana,2020-08-01,75482.71
telangana,2020-09-01,87470.33
telangana,2020-10-01,87030.2
telangana,2020-11-01,86273.26
telangana,2020-12-01,100059.2
telangana,2021-01-01,94447.16
telangana,2021-02-01,92465.8
telangana,2021-03-01,111015.36
telangana,2021-04-01,97286.15
telangana,2021-05-01,82127.28
telangana,2021-06-01,97707.6
telangana,2021-07-01,105900.78
telangana,2021-08-01,106635.54
telangana,2021-09-01,110835.69
telangana,2021-10-01,98391.16
telangana,2021-11-01,103454.37
telangana,2021-12-01,120279.64
telangana,2022-01-01,113811.82
telangana,2022-02-01,113745.34
telangana,2022-03-01,133289.09
telangana,2022-04-01,117335.24
telangana,2022-05-01,118368.85
telangana,2022-06-01,126549.48
telangana,2022-07-01,121054.0
telangana,2022-08-01,121084.95
telangana,2022-09-01,129076.98
telangana,2022-10-01,114896.25
telangana,2022-11-01,122449.99
telangana,2022-12-01,135470.51
telangana,2023-01-01,128249.47
telangana,2023-02-01,128899.17
telangana,2023-03-01,150347.63
telangana,2023-04-01,125425.78
telangana,2023-05-01,128585.0
telangana,2023-06-01,129603.8
telangana,2023-07-01,128113.18
telangana,2023-08-01,135810.61
telangana,2023-09-01,135100.68
telangana,2023-10-01,138284.17
telangana,2023-11-01,129679.61
telangana,2023-12-01,145654.54
telangana,2024-01-01,141338.76
telangana,2024-02-01,143086.46
telangana,2024-03-01,158610.22
telangana,2024-04-01,130132.05
telangana,2024-05-01,138540.3
telangana,2024-06-01,139676.89
telangana,2024-07-01,144071.1
telangana,2024-08-01,145756.35
telangana,2024-09-01,148347.04
telangana,2024-10-01,149150.07
telangana,2024-11-01,145311.21
telangana,2024-12-01,162124.02
telangana,2025-01-01,158640.36
telangana,2025-02-01,147409.55
telangana,2025-03-01,176236.84
telangana,2025-04-01,144421.05
telangana,2025-05-01,152165.45
telangana,2025-06-01,152994.42
telangana,2025-07-01,163586.38
telangana,2025-08-01,157051.95
telangana,2025-09-01,171774.71
telangana,2025-10-01,155920.25
telangana,2025-11-01,160379.05
telangana,2025-12-01,182365.78
telangana,2026-01-01,176079.49
telangana,2026-02-01,173347.34
telangana,2026-03-01,206034.76
telangana,2026-04-01,176197.18
telangana,2026-05-01,179126.2
telangana,2026-06-01,197959.03
telangana,2026-07-01,211987.55
tripura,2018-07-01,885.88
tripura,2018-08-01,1091.58
tripura,2018-09-01,1100.11
tripura,2018-10-01,1066.76
tripura,2018-11-01,1101.1
tripura,2018-12-01,1239.21
tripura,2019-01-01,1175.15
tripura,2019-02-01,1159.83
tripura,2019-03-01,1332.12
tripura,2019-04-01,1121.87
tripura,2019-05-01,1123.25
tripura,2019-06-01,1004.83
tripura,2019-07-01,1084.39
tripura,2019-08-01,1257.7
tripura,2019-09-01,1205.83
tripura,2019-10-01,1108.43
tripura,2019-11-01,1371.46
tripura,2019-12-01,1333.36
tripura,2020-01-01,1295.34
tripura,2020-02-01,1357.24
tripura,2020-03-01,1311.748
tripura,2020-04-01,1266.256
tripura,2020-05-01,1220.7640000000001
tripura,2020-06-01,1175.272
tripura,2020-07-01,1129.78
tripura,2020-08-01,1504.82
tripura,2020-09-01,1447.07
tripura,2020-10-01,1468.28
tripura,2020-11-01,1560.97
tripura,2020-12-01,1759.56
tripura,2021-01-01,1702.86
tripura,2021-02-01,1767.45
tripura,2021-03-01,2030.09
tripura,2021-04-01,1725.1
tripura,2021-05-01,1287.93
tripura,2021-06-01,1383.65
tripura,2021-07-01,1659.92
tripura,2021-08-01,1707.06
tripura,2021-09-01,1906.1
tripura,2021-10-01,1806.97
tripura,2021-11-01,2207.23
tripura,2021-12-01,2289.67
tripura,2022-01-01,2053.18
tripura,2022-02-01,2025.38
tripura,2022-03-01,2398.97
tripura,2022-04-01,2192.19
tripura,2022-05-01,1948.07
tripura,2022-06-01,1792.9
tripura,2022-07-01,2098.75
tripura,2022-08-01,2230.56
tripura,2022-09-01,2134.11
tripura,2022-10-01,1905.63
tripura,2022-11-01,2141.35
tripura,2022-12-01,2321.07
tripura,2023-01-01,2144.53
tripura,2023-02-01,1965.81
tripura,2023-03-01,2359.66
tripura,2023-04-01,2194.02
tripura,2023-05-01,2516.94
tripura,2023-06-01,2085.67
tripura,2023-07-01,2303.32
tripura,2023-08-01,2271.18
tripura,2023-09-01,2414.47
tripura,2023-10-01,2318.31
tripura,2023-11-01,2519.82
tripura,2023-12-01,2825.37
tripura,2024-01-01,2705.04
tripura,2024-02-01,2681.9
tripura,2024-03-01,3308.05
tripura,2024-04-01,2641.14
tripura,2024-05-01,2437.88
tripura,2024-06-01,2332.82
tripura,2024-07-01,2459.73
tripura,2024-08-01,2285.96
tripura,2024-09-01,2778.59
tripura,2024-10-01,2484.31
tripura,2024-11-01,2896.1
tripura,2024-12-01,3073.33
tripura,2025-01-01,3077.81
tripura,2025-02-01,2771.82
tripura,2025-03-01,3337.22
tripura,2025-04-01,2757.21
tripura,2025-05-01,2664.7
tripura,2025-06-01,2324.34
tripura,2025-07-01,2832.24
tripura,2025-08-01,2618.41
tripura,2025-09-01,2613.88
tripura,2025-10-01,2550.6
tripura,2025-11-01,3042.21
tripura,2025-12-01,3611.6
tripura,2026-01-01,3355.19
tripura,2026-02-01,3545.52
tripura,2026-03-01,4027.97
tripura,2026-04-01,3232.96
tripura,2026-05-01,3066.75
tripura,2026-06-01,3054.98
tripura,2026-07-01,3155.15
uttar pradesh,2018-07-01,148021.82
uttar pradesh,2018-08-01,159389.98
uttar pradesh,2018-09-01,171003.29
uttar pradesh,2018-10-01,189123.44
uttar pradesh,2018-11-01,157455.05
uttar pradesh,2018-12-01,164135.36
uttar pradesh,2019-01-01,169751.58
uttar pradesh,2019-02-01,161554.09
uttar pradesh,2019-03-01,195440.51
uttar pradesh,2019-04-01,171807.93
uttar pradesh,2019-05-01,177978.31
uttar pradesh,2019-06-01,164314.97
uttar pradesh,2019-07-01,165344.15
uttar pradesh,2019-08-01,165577.88
uttar pradesh,2019-09-01,177858.28
uttar pradesh,2019-10-01,171473.94
uttar pradesh,2019-11-01,166416.81
uttar pradesh,2019-12-01,165326.13
uttar pradesh,2020-01-01,191940.22
uttar pradesh,2020-02-01,187059.13
uttar pradesh,2020-03-01,183420.67
uttar pradesh,2020-04-01,179782.21
uttar pradesh,2020-05-01,176143.75
uttar pradesh,2020-06-01,172505.28999999998
uttar pradesh,2020-07-01,168866.83
uttar pradesh,2020-08-01,169989.85
uttar pradesh,2020-09-01,194568.85
uttar pradesh,2020-10-01,203267.65
uttar pradesh,2020-11-01,175715.09
uttar pradesh,2020-12-01,192787.8
uttar pradesh,2021-01-01,195385.63
uttar pradesh,2021-02-01,198720.08
uttar pradesh,2021-03-01,231048.03
uttar pradesh,2021-04-01,186335.96
uttar pradesh,2021-05-01,143399.26
uttar pradesh,2021-06-01,183888.88
uttar pradesh,2021-07-01,205565.61
uttar pradesh,2021-08-01,213767.55
uttar pradesh,2021-09-01,227073.35
uttar pradesh,2021-10-01,224477.98
uttar pradesh,2021-11-01,207372.01
uttar pradesh,2021-12-01,234472.82
uttar pradesh,2022-01-01,234814.04
uttar pradesh,2022-02-01,236233.71
uttar pradesh,2022-03-01,279572.96
uttar pradesh,2022-04-01,260718.68
uttar pradesh,2022-05-01,248247.53
uttar pradesh,2022-06-01,242053.47
uttar pradesh,2022-07-01,240802.06
uttar pradesh,2022-08-01,253356.17
uttar pradesh,2022-09-01,269307.16
uttar pradesh,2022-10-01,239348.45
uttar pradesh,2022-11-01,244223.41
uttar pradesh,2022-12-01,251298.98
uttar pradesh,2023-01-01,255816.99
uttar pradesh,2023-02-01,258654.5
uttar pradesh,2023-03-01,292954.94
uttar pradesh,2023-04-01,257509.13
uttar pradesh,2023-05-01,260589.23
uttar pradesh,2023-06-01,257200.22
uttar pradesh,2023-07-01,257668.92
uttar pradesh,2023-08-01,272892.65
uttar pradesh,2023-09-01,284344.34
uttar pradesh,2023-10-01,293192.22
uttar pradesh,2023-11-01,248998.28
uttar pradesh,2023-12-01,275000.62
uttar pradesh,2024-01-01,281288.2
uttar pradesh,2024-02-01,282637.99
uttar pradesh,2024-03-01,313065.01
uttar pradesh,2024-04-01,274623.18
uttar pradesh,2024-05-01,300784.77
uttar pradesh,2024-06-01,283080.57
uttar pradesh,2024-07-01,286216.54
uttar pradesh,2024-08-01,294098.68
uttar pradesh,2024-09-01,310362.08
uttar pradesh,2024-10-01,324051.05
uttar pradesh,2024-11-01,279695.97
uttar pradesh,2024-12-01,299317.91
uttar pradesh,2025-01-01,331795.02
uttar pradesh,2025-02-01,305284.98
uttar pradesh,2025-03-01,367401.45
uttar pradesh,2025-04-01,321666.8
uttar pradesh,2025-05-01,331177.36
uttar pradesh,2025-06-01,320153.03
uttar pradesh,2025-07-01,328292.82
uttar pradesh,2025-08-01,331293.6
uttar pradesh,2025-09-01,357911.1
uttar pradesh,2025-10-01,326574.55
uttar pradesh,2025-11-01,329709.49
uttar pradesh,2025-12-01,351820.03
uttar pradesh,2026-01-01,362262.55
uttar pradesh,2026-02-01,365174.59
uttar pradesh,2026-03-01,404490.94
uttar pradesh,2026-04-01,362135.1
uttar pradesh,2026-05-01,388389.79
uttar pradesh,2026-06-01,397815.22
uttar pradesh,2026-07-01,411616.83
uttarakhand,2018-07-01,35147.04
uttarakhand,2018-08-01,38579.83
uttarakhand,2018-09-01,41008.13
uttarakhand,2018-10-01,40552.55
uttarakhand,2018-11-01,33297.2
uttarakhand,2018-12-01,36022.48
uttarakhand,2019-01-01,37399.04
uttarakhand,2019-02-01,36259.48
uttarakhand,2019-03-01,42722.07
uttarakhand,2019-04-01,36544.28
uttarakhand,2019-05-01,38862.3
uttarakhand,2019-06-01,35465.66
uttarakhand,2019-07-01,33070.79
uttarakhand,2019-08-01,34245.28
uttarakhand,2019-09-01,34521.08
uttarakhand,2019-10-01,35800.77
uttarakhand,2019-11-01,39137.63
uttarakhand,2019-12-01,34612.62
uttarakhand,2020-01-01,36637.68
uttarakhand,2020-02-01,35695.92
uttarakhand,2020-03-01,35286.426
uttarakhand,2020-04-01,34876.932
uttarakhand,2020-05-01,34467.437999999995
uttarakhand,2020-06-01,34057.943999999996
uttarakhand,2020-07-01,33648.45
uttarakhand,2020-08-01,34347.21
uttarakhand,2020-09-01,38205.26
uttarakhand,2020-10-01,41688.64
uttarakhand,2020-11-01,36429.02
uttarakhand,2020-12-01,41372.21
uttarakhand,2021-01-01,41632.55
uttarakhand,2021-02-01,41090.12
uttarakhand,2021-03-01,48023.87
uttarakhand,2021-04-01,39393.2
uttarakhand,2021-05-01,29645.97
uttarakhand,2021-06-01,35873.35
uttarakhand,2021-07-01,39762.47
uttarakhand,2021-08-01,39698.22
uttarakhand,2021-09-01,42517.14
uttarakhand,2021-10-01,41332.03
uttarakhand,2021-11-01,39720.45
uttarakhand,2021-12-01,45502.26
uttarakhand,2022-01-01,44796.65
uttarakhand,2022-02-01,44924.12
uttarakhand,2022-03-01,53431.88
uttarakhand,2022-04-01,48467.55
uttarakhand,2022-05-01,49801.24
uttarakhand,2022-06-01,50218.98
uttarakhand,2022-07-01,45988.2
uttarakhand,2022-08-01,49032.27
uttarakhand,2022-09-01,51671.67
uttarakhand,2022-10-01,46474.96
uttarakhand,2022-11-01,47435.58
uttarakhand,2022-12-01,49166.13
uttarakhand,2023-01-01,49256.46
uttarakhand,2023-02-01,49542.42
uttarakhand,2023-03-01,57955.59
uttarakhand,2023-04-01,49728.68
uttarakhand,2023-05-01,51785.1
uttarakhand,2023-06-01,48292.55
uttarakhand,2023-07-01,45544.41
uttarakhand,2023-08-01,50403.56
uttarakhand,2023-09-01,51814.98
uttarakhand,2023-10-01,54347.9
uttarakhand,2023-11-01,46746.02
uttarakhand,2023-12-01,51512.28
uttarakhand,2024-01-01,52145.13
uttarakhand,2024-02-01,53347.31
uttarakhand,2024-03-01,58772.42
uttarakhand,2024-04-01,51490.87
uttarakhand,2024-05-01,57854.01
uttarakhand,2024-06-01,54961.95
uttarakhand,2024-07-01,49957.39
uttarakhand,2024-08-01,54012.68
uttarakhand,2024-09-01,56764.44
uttarakhand,2024-10-01,58228.97
uttarakhand,2024-11-01,51455.08
uttarakhand,2024-12-01,56025.46
uttarakhand,2025-01-01,60028.96
uttarakhand,2025-02-01,55184.24
uttarakhand,2025-03-01,65493.82
uttarakhand,2025-04-01,56250.63
uttarakhand,2025-05-01,61780.44
uttarakhand,2025-06-01,57325.97
uttarakhand,2025-07-01,55332.72
uttarakhand,2025-08-01,57114.08
uttarakhand,2025-09-01,62166.72
uttarakhand,2025-10-01,58089.9
uttarakhand,2025-11-01,60623.37
uttarakhand,2025-12-01,63829.28
uttarakhand,2026-01-01,65767.48
uttarakhand,2026-02-01,65737.83
uttarakhand,2026-03-01,75270.57
uttarakhand,2026-04-01,67179.91
uttarakhand,2026-05-01,70491.49
uttarakhand,2026-06-01,70934.95
uttarakhand,2026-07-01,75000.6
west bengal,2018-07-01,91898.37
west bengal,2018-08-01,96734.48
west bengal,2018-09-01,97315.42
west bengal,2018-10-01,92714.08
west bengal,2018-11-01,93082.08
west bengal,2018-12-01,94911.57
west bengal,2019-01-01,95108.16
west bengal,2019-02-01,91303.31
west bengal,2019-03-01,106311.58
west bengal,2019-04-01,109369.58
west bengal,2019-05-01,97206.8
west bengal,2019-06-01,91098.0
west bengal,2019-07-01,96385.75
west bengal,2019-08-01,94560.54
west bengal,2019-09-01,97071.36
west bengal,2019-10-01,83732.91
west bengal,2019-11-01,93954.27
west bengal,2019-12-01,93875.0
west bengal,2020-01-01,96512.48
west bengal,2020-02-01,96539.8
west bengal,2020-03-01,94658.048
west bengal,2020-04-01,92776.296
west bengal,2020-05-01,90894.544
west bengal,2020-06-01,89012.792
west bengal,2020-07-01,87131.04
west bengal,2020-08-01,85750.46
west bengal,2020-09-01,100333.74
west bengal,2020-10-01,100243.76
west bengal,2020-11-01,98829.85
west bengal,2020-12-01,113090.83
west bengal,2021-01-01,108462.06
west bengal,2021-02-01,108236.0
west bengal,2021-03-01,126412.29
west bengal,2021-04-01,115637.91
west bengal,2021-05-01,85783.49
west bengal,2021-06-01,102089.21
west bengal,2021-07-01,119578.05
west bengal,2021-08-01,124039.56
west bengal,2021-09-01,128869.04
west bengal,2021-10-01,111321.55
west bengal,2021-11-01,126190.64
west bengal,2021-12-01,137103.83
west bengal,2022-01-01,133731.35
west bengal,2022-02-01,133099.81
west bengal,2022-03-01,158751.12
west bengal,2022-04-01,148753.01
west bengal,2022-05-01,145861.93
west bengal,2022-06-01,141209.19
west bengal,2022-07-01,146850.65
west bengal,2022-08-01,154429.85
west bengal,2022-09-01,157045.99
west bengal,2022-10-01,130456.75
west bengal,2022-11-01,148090.5
west bengal,2022-12-01,154737.44
west bengal,2023-01-01,149333.17
west bengal,2023-02-01,148005.44
west bengal,2023-03-01,170053.04
west bengal,2023-04-01,149133.72
west bengal,2023-05-01,152481.53
west bengal,2023-06-01,148332.31
west bengal,2023-07-01,150623.1
west bengal,2023-08-01,158126.55
west bengal,2023-09-01,162907.06
west bengal,2023-10-01,150570.95
west bengal,2023-11-01,151682.07
west bengal,2023-12-01,165104.27
west bengal,2024-01-01,163738.57
west bengal,2024-02-01,165941.1
west bengal,2024-03-01,183445.55
west bengal,2024-04-01,162271.71
west bengal,2024-05-01,170369.13
west bengal,2024-06-01,161272.09
west bengal,2024-07-01,170385.4
west bengal,2024-08-01,169598.05
west bengal,2024-09-01,180575.88
west bengal,2024-10-01,165084.21
west bengal,2024-11-01,167128.24
west bengal,2024-12-01,177031.14
west bengal,2025-01-01,185875.73
west bengal,2025-02-01,173548.38
west bengal,2025-03-01,200906.64
west bengal,2025-04-01,177179.53
west bengal,2025-05-01,183670.02
west bengal,2025-06-01,173262.44
west bengal,2025-07-01,185920.26
west bengal,2025-08-01,187321.54
west bengal,2025-09-01,187859.18
west bengal,2025-10-01,168664.17
west bengal,2025-11-01,187031.61
west bengal,2025-12-01,201065.1
west bengal,2026-01-01,199359.02
west bengal,2026-02-01,201478.89
west bengal,2026-03-01,222011.33
west bengal,2026-04-01,198410.17
west bengal,2026-05-01,206621.61
west bengal,2026-06-01,211512.75
west bengal,2026-07-01,217782.38
