unique_id,ds,y
andaman and nicobar,2018-07-01,7499.0
andaman and nicobar,2018-08-01,8722.0
andaman and nicobar,2018-09-01,8415.0
andaman and nicobar,2018-10-01,8690.0
andaman and nicobar,2018-11-01,8087.0
andaman and nicobar,2018-12-01,8613.0
andaman and nicobar,2019-01-01,8364.0
andaman and nicobar,2019-02-01,7902.0
andaman and nicobar,2019-03-01,9287.0
andaman and nicobar,2019-04-01,8659.0
andaman and nicobar,2019-05-01,8731.0
andaman and nicobar,2019-06-01,7320.0
andaman and nicobar,2019-07-01,8619.0
andaman and nicobar,2019-08-01,9119.0
andaman and nicobar,2019-09-01,9007.0
andaman and nicobar,2019-10-01,8836.0
andaman and nicobar,2019-11-01,9543.0
andaman and nicobar,2019-12-01,9304.0
andaman and nicobar,2020-01-01,9432.0
andaman and nicobar,2020-02-01,9131.0
andaman and nicobar,2020-03-01,9097.8
andaman and nicobar,2020-04-01,9064.6
andaman and nicobar,2020-05-01,9031.4
andaman and nicobar,2020-06-01,8998.2
andaman and nicobar,2020-07-01,8965.0
andaman and nicobar,2020-08-01,5059.0
andaman and nicobar,2020-09-01,8106.0
andaman and nicobar,2020-10-01,8837.0
andaman and nicobar,2020-11-01,8448.0
andaman and nicobar,2020-12-01,10434.0
andaman and nicobar,2021-01-01,8966.0
andaman and nicobar,2021-02-01,10746.0
andaman and nicobar,2021-03-01,11779.0
andaman and nicobar,2021-04-01,10378.0
andaman and nicobar,2021-05-01,4161.0
andaman and nicobar,2021-06-01,5030.0
andaman and nicobar,2021-07-01,8628.0
andaman and nicobar,2021-08-01,11143.0
andaman and nicobar,2021-09-01,11799.0
andaman and nicobar,2021-10-01,4983.0
andaman and nicobar,2021-11-01,11033.0
andaman and nicobar,2021-12-01,13232.0
andaman and nicobar,2022-01-01,11286.0
andaman and nicobar,2022-02-01,12057.0
andaman and nicobar,2022-03-01,14429.0
andaman and nicobar,2022-04-01,13817.0
andaman and nicobar,2022-05-01,12593.0
andaman and nicobar,2022-06-01,12955.0
andaman and nicobar,2022-07-01,13456.0
andaman and nicobar,2022-08-01,14711.0
andaman and nicobar,2022-09-01,16279.0
andaman and nicobar,2022-10-01,13628.0
andaman and nicobar,2022-11-01,14976.0
andaman and nicobar,2022-12-01,15368.0
andaman and nicobar,2023-01-01,13870.0
andaman and nicobar,2023-02-01,14484.0
andaman and nicobar,2023-03-01,17370.0
andaman and nicobar,2023-04-01,13478.0
andaman and nicobar,2023-05-01,13649.0
andaman and nicobar,2023-06-01,12817.0
andaman and nicobar,2023-07-01,13527.0
andaman and nicobar,2023-08-01,13990.0
andaman and nicobar,2023-09-01,15706.0
andaman and nicobar,2023-10-01,14019.0
andaman and nicobar,2023-11-01,14052.0
andaman and nicobar,2023-12-01,15059.0
andaman and nicobar,2024-01-01,15340.0
andaman and nicobar,2024-02-01,16090.0
andaman and nicobar,2024-03-01,17043.0
andaman and nicobar,2024-04-01,15489.0
andaman and nicobar,2024-05-01,15577.0
andaman and nicobar,2024-06-01,13643.0
andaman and nicobar,2024-07-01,15301.0
andaman and nicobar,2024-08-01,15796.0
andaman and nicobar,2024-09-01,16932.0
andaman and nicobar,2024-10-01,16309.0
andaman and nicobar,2024-11-01,16318.0
andaman and nicobar,2024-12-01,17343.0
andaman and nicobar,2025-01-01,17547.0
andaman and nicobar,2025-02-01,16553.0
andaman and nicobar,2025-03-01,19149.0
andaman and nicobar,2025-04-01,16427.0
andaman and nicobar,2025-05-01,16713.0
andaman and nicobar,2025-06-01,14252.0
andaman and nicobar,2025-07-01,16133.0
andaman and nicobar,2025-08-01,17922.0
andaman and nicobar,2025-09-01,18196.0
andaman and nicobar,2025-10-01,16028.0
andaman and nicobar,2025-11-01,18114.0
andaman and nicobar,2025-12-01,20274.0
andaman and nicobar,2026-01-01,19248.0
andaman and nicobar,2026-02-01,18533.0
andaman and nicobar,2026-03-01,20592.0
andaman and nicobar,2026-04-01,18261.0
andaman and nicobar,2026-05-01,17682.0
andaman and nicobar,2026-06-01,18084.0
andaman and nicobar,2026-07-01,19653.0
andhra pradesh,2018-07-01,1931596.0
andhra pradesh,2018-08-01,2214801.0
andhra pradesh,2018-09-01,2156093.0
andhra pradesh,2018-10-01,2259424.0
andhra pradesh,2018-11-01,2181601.0
andhra pradesh,2018-12-01,2369658.0
andhra pradesh,2019-01-01,2150864.0
andhra pradesh,2019-02-01,2135389.0
andhra pradesh,2019-03-01,2305980.0
andhra pradesh,2019-04-01,2059475.0
andhra pradesh,2019-05-01,2252277.0
andhra pradesh,2019-06-01,2068527.0
andhra pradesh,2019-07-01,2156003.0
andhra pradesh,2019-08-01,2153684.0
andhra pradesh,2019-09-01,2103894.0
andhra pradesh,2019-10-01,2189427.0
andhra pradesh,2019-11-01,2385204.0
andhra pradesh,2019-12-01,2637210.0
andhra pradesh,2020-01-01,2406170.0
andhra pradesh,2020-02-01,2456179.0
andhra pradesh,2020-03-01,2393338.0
andhra pradesh,2020-04-01,2330497.0
andhra pradesh,2020-05-01,2267656.0
andhra pradesh,2020-06-01,2204815.0
andhra pradesh,2020-07-01,2141974.0
andhra pradesh,2020-08-01,2196764.0
andhra pradesh,2020-09-01,2482859.0
andhra pradesh,2020-10-01,2658950.0
andhra pradesh,2020-11-01,2656546.0
andhra pradesh,2020-12-01,3173244.0
andhra pradesh,2021-01-01,2798323.0
andhra pradesh,2021-02-01,2740174.0
andhra pradesh,2021-03-01,3032166.0
andhra pradesh,2021-04-01,2737244.0
andhra pradesh,2021-05-01,1933163.0
andhra pradesh,2021-06-01,2450096.0
andhra pradesh,2021-07-01,2909408.0
andhra pradesh,2021-08-01,2927459.0
andhra pradesh,2021-09-01,2896302.0
andhra pradesh,2021-10-01,2649451.0
andhra pradesh,2021-11-01,2736451.0
andhra pradesh,2021-12-01,3308195.0
andhra pradesh,2022-01-01,2981980.0
andhra pradesh,2022-02-01,2979796.0
andhra pradesh,2022-03-01,3325577.0
andhra pradesh,2022-04-01,3152359.0
andhra pradesh,2022-05-01,3046959.0
andhra pradesh,2022-06-01,3187140.0
andhra pradesh,2022-07-01,3333850.0
andhra pradesh,2022-08-01,3368699.0
andhra pradesh,2022-09-01,3545613.0
andhra pradesh,2022-10-01,3293772.0
andhra pradesh,2022-11-01,3567225.0
andhra pradesh,2022-12-01,3879169.0
andhra pradesh,2023-01-01,3480045.0
andhra pradesh,2023-02-01,3458650.0
andhra pradesh,2023-03-01,3765565.0
andhra pradesh,2023-04-01,3495503.0
andhra pradesh,2023-05-01,3658365.0
andhra pradesh,2023-06-01,3679369.0
andhra pradesh,2023-07-01,3685103.0
andhra pradesh,2023-08-01,3947738.0
andhra pradesh,2023-09-01,3770125.0
andhra pradesh,2023-10-01,3991671.0
andhra pradesh,2023-11-01,3845663.0
andhra pradesh,2023-12-01,4055661.0
andhra pradesh,2024-01-01,3811249.0
andhra pradesh,2024-02-01,3883815.0
andhra pradesh,2024-03-01,4071517.0
andhra pradesh,2024-04-01,3714176.0
andhra pradesh,2024-05-01,3816490.0
andhra pradesh,2024-06-01,3731468.0
andhra pradesh,2024-07-01,3946613.0
andhra pradesh,2024-08-01,4029180.0
andhra pradesh,2024-09-01,3905697.0
andhra pradesh,2024-10-01,4206384.0
andhra pradesh,2024-11-01,4119921.0
andhra pradesh,2024-12-01,4320553.0
andhra pradesh,2025-01-01,4320939.0
andhra pradesh,2025-02-01,4065829.0
andhra pradesh,2025-03-01,4460401.0
andhra pradesh,2025-04-01,4239243.0
andhra pradesh,2025-05-01,4379757.0
andhra pradesh,2025-06-01,4295840.0
andhra pradesh,2025-07-01,4814671.0
andhra pradesh,2025-08-01,4616300.0
andhra pradesh,2025-09-01,4839329.0
andhra pradesh,2025-10-01,4756130.0
andhra pradesh,2025-11-01,5080862.0
andhra pradesh,2025-12-01,5516277.0
andhra pradesh,2026-01-01,5099869.0
andhra pradesh,2026-02-01,4932279.0
andhra pradesh,2026-03-01,5350270.0
andhra pradesh,2026-04-01,5060498.0
andhra pradesh,2026-05-01,5085113.0
andhra pradesh,2026-06-01,5077007.0
andhra pradesh,2026-07-01,5372598.0
arunachal pradesh,2018-07-01,19147.0
arunachal pradesh,2018-08-01,23643.0
arunachal pradesh,2018-09-01,23922.0
arunachal pradesh,2018-10-01,24441.0
arunachal pradesh,2018-11-01,25783.0
arunachal pradesh,2018-12-01,25701.0
arunachal pradesh,2019-01-01,26647.0
arunachal pradesh,2019-02-01,23439.0
arunachal pradesh,2019-03-01,31709.0
arunachal pradesh,2019-04-01,24849.0
arunachal pradesh,2019-05-01,27909.0
arunachal pradesh,2019-06-01,26664.0
arunachal pradesh,2019-07-01,26470.0
arunachal pradesh,2019-08-01,28677.0
arunachal pradesh,2019-09-01,32075.0
arunachal pradesh,2019-10-01,30710.0
arunachal pradesh,2019-11-01,34110.0
arunachal pradesh,2019-12-01,27394.0
arunachal pradesh,2020-01-01,31066.0
arunachal pradesh,2020-02-01,33163.0
arunachal pradesh,2020-03-01,29205.2
arunachal pradesh,2020-04-01,25247.4
arunachal pradesh,2020-05-01,21289.6
arunachal pradesh,2020-06-01,17331.8
arunachal pradesh,2020-07-01,13374.0
arunachal pradesh,2020-08-01,25632.0
arunachal pradesh,2020-09-01,29586.0
arunachal pradesh,2020-10-01,31920.0
arunachal pradesh,2020-11-01,32598.0
arunachal pradesh,2020-12-01,34307.0
arunachal pradesh,2021-01-01,33885.0
arunachal pradesh,2021-02-01,35183.0
arunachal pradesh,2021-03-01,38979.0
arunachal pradesh,2021-04-01,36092.0
arunachal pradesh,2021-05-01,21434.0
arunachal pradesh,2021-06-01,27457.0
arunachal pradesh,2021-07-01,31827.0
arunachal pradesh,2021-08-01,33347.0
arunachal pradesh,2021-09-01,37900.0
arunachal pradesh,2021-10-01,36288.0
arunachal pradesh,2021-11-01,37399.0
arunachal pradesh,2021-12-01,39215.0
arunachal pradesh,2022-01-01,36928.0
arunachal pradesh,2022-02-01,38287.0
arunachal pradesh,2022-03-01,48505.0
arunachal pradesh,2022-04-01,42873.0
arunachal pradesh,2022-05-01,43427.0
arunachal pradesh,2022-06-01,43071.0
arunachal pradesh,2022-07-01,43893.0
arunachal pradesh,2022-08-01,45210.0
arunachal pradesh,2022-09-01,45428.0
arunachal pradesh,2022-10-01,39465.0
arunachal pradesh,2022-11-01,47682.0
arunachal pradesh,2022-12-01,47897.0
arunachal pradesh,2023-01-01,44665.0
arunachal pradesh,2023-02-01,44355.0
arunachal pradesh,2023-03-01,59606.0
arunachal pradesh,2023-04-01,51876.0
arunachal pradesh,2023-05-01,52905.0
arunachal pradesh,2023-06-01,51595.0
arunachal pradesh,2023-07-01,47807.0
arunachal pradesh,2023-08-01,51171.0
arunachal pradesh,2023-09-01,53283.0
arunachal pradesh,2023-10-01,52717.0
arunachal pradesh,2023-11-01,51408.0
arunachal pradesh,2023-12-01,54699.0
arunachal pradesh,2024-01-01,50674.0
arunachal pradesh,2024-02-01,53301.0
arunachal pradesh,2024-03-01,63695.0
arunachal pradesh,2024-04-01,48750.0
arunachal pradesh,2024-05-01,59467.0
arunachal pradesh,2024-06-01,50947.0
arunachal pradesh,2024-07-01,50321.0
arunachal pradesh,2024-08-01,53847.0
arunachal pradesh,2024-09-01,53500.0
arunachal pradesh,2024-10-01,50434.0
arunachal pradesh,2024-11-01,52075.0
arunachal pradesh,2024-12-01,55445.0
arunachal pradesh,2025-01-01,55391.0
arunachal pradesh,2025-02-01,54205.0
arunachal pradesh,2025-03-01,70965.0
arunachal pradesh,2025-04-01,65982.0
arunachal pradesh,2025-05-01,66635.0
arunachal pradesh,2025-06-01,61078.0
arunachal pradesh,2025-07-01,67862.0
arunachal pradesh,2025-08-01,67150.0
arunachal pradesh,2025-09-01,64969.0
arunachal pradesh,2025-10-01,63912.0
arunachal pradesh,2025-11-01,67139.0
arunachal pradesh,2025-12-01,70948.0
arunachal pradesh,2026-01-01,68167.0
arunachal pradesh,2026-02-01,69837.0
arunachal pradesh,2026-03-01,79624.0
arunachal pradesh,2026-04-01,64257.0
arunachal pradesh,2026-05-01,70548.0
arunachal pradesh,2026-06-01,66786.0
arunachal pradesh,2026-07-01,74746.0
assam,2018-07-01,601740.0
assam,2018-08-01,711703.0
assam,2018-09-01,733088.0
assam,2018-10-01,697937.0
assam,2018-11-01,713931.0
assam,2018-12-01,707889.0
assam,2019-01-01,716982.0
assam,2019-02-01,752854.0
assam,2019-03-01,854406.0
assam,2019-04-01,782542.0
assam,2019-05-01,848284.0
assam,2019-06-01,748341.0
assam,2019-07-01,744012.0
assam,2019-08-01,849817.0
assam,2019-09-01,837472.0
assam,2019-10-01,756525.0
assam,2019-11-01,829840.0
assam,2019-12-01,683359.0
assam,2020-01-01,790252.0
assam,2020-02-01,867822.0
assam,2020-03-01,806833.6
assam,2020-04-01,745845.2
assam,2020-05-01,684856.8
assam,2020-06-01,623868.4
assam,2020-07-01,562880.0
assam,2020-08-01,725277.0
assam,2020-09-01,891098.0
assam,2020-10-01,913058.0
assam,2020-11-01,886765.0
assam,2020-12-01,958087.0
assam,2021-01-01,912884.0
assam,2021-02-01,972927.0
assam,2021-03-01,1072478.0
assam,2021-04-01,956309.0
assam,2021-05-01,629389.0
assam,2021-06-01,719838.0
assam,2021-07-01,826408.0
assam,2021-08-01,938583.0
assam,2021-09-01,1053500.0
assam,2021-10-01,932220.0
assam,2021-11-01,979463.0
assam,2021-12-01,1070986.0
assam,2022-01-01,1021890.0
assam,2022-02-01,1049812.0
assam,2022-03-01,1216841.0
assam,2022-04-01,1099376.0
assam,2022-05-01,1040565.0
assam,2022-06-01,982735.0
assam,2022-07-01,1080061.0
assam,2022-08-01,1188817.0
assam,2022-09-01,1226099.0
assam,2022-10-01,1021960.0
assam,2022-11-01,1160331.0
assam,2022-12-01,1212292.0
assam,2023-01-01,1127359.0
assam,2023-02-01,1164347.0
assam,2023-03-01,1338957.0
assam,2023-04-01,1170700.0
assam,2023-05-01,1253670.0
assam,2023-06-01,1138858.0
assam,2023-07-01,1137218.0
assam,2023-08-01,1244862.0
assam,2023-09-01,1317590.0
assam,2023-10-01,1237380.0
assam,2023-11-01,1216698.0
assam,2023-12-01,1284681.0
assam,2024-01-01,1227501.0
assam,2024-02-01,1351317.0
assam,2024-03-01,1454437.0
assam,2024-04-01,1256623.0
assam,2024-05-01,1372887.0
assam,2024-06-01,1203096.0
assam,2024-07-01,1214338.0
assam,2024-08-01,1331311.0
assam,2024-09-01,1387514.0
assam,2024-10-01,1258548.0
assam,2024-11-01,1243048.0
assam,2024-12-01,1318716.0
assam,2025-01-01,1374161.0
assam,2025-02-01,1370724.0
assam,2025-03-01,1548457.0
assam,2025-04-01,1425121.0
assam,2025-05-01,1452062.0
assam,2025-06-01,1404068.0
assam,2025-07-01,1563741.0
assam,2025-08-01,1610079.0
assam,2025-09-01,1464748.0
assam,2025-10-01,1557470.0
assam,2025-11-01,1670507.0
assam,2025-12-01,1760817.0
assam,2026-01-01,1714668.0
assam,2026-02-01,1767807.0
assam,2026-03-01,1816671.0
assam,2026-04-01,1622719.0
assam,2026-05-01,1702718.0
assam,2026-06-01,1646959.0
assam,2026-07-01,1626856.0
bihar,2018-07-01,616137.0
bihar,2018-08-01,735605.0
bihar,2018-09-01,866631.0
bihar,2018-10-01,932324.0
bihar,2018-11-01,672695.0
bihar,2018-12-01,794369.0
bihar,2019-01-01,1006282.0
bihar,2019-02-01,1001579.0
bihar,2019-03-01,1089416.0
bihar,2019-04-01,1178803.0
bihar,2019-05-01,1115587.0
bihar,2019-06-01,921128.0
bihar,2019-07-01,864120.0
bihar,2019-08-01,971572.0
bihar,2019-09-01,1073899.0
bihar,2019-10-01,1020897.0
bihar,2019-11-01,942411.0
bihar,2019-12-01,988654.0
bihar,2020-01-01,1178492.0
bihar,2020-02-01,1167108.0
bihar,2020-03-01,1096206.6
bihar,2020-04-01,1025305.2
bihar,2020-05-01,954403.8
bihar,2020-06-01,883502.4
bihar,2020-07-01,812601.0
bihar,2020-08-01,935657.0
bihar,2020-09-01,1090993.0
bihar,2020-10-01,1254513.0
bihar,2020-11-01,1040710.0
bihar,2020-12-01,1129862.0
bihar,2021-01-01,1166882.0
bihar,2021-02-01,1283150.0
bihar,2021-03-01,1471488.0
bihar,2021-04-01,1319873.0
bihar,2021-05-01,796256.0
bihar,2021-06-01,1054668.0
bihar,2021-07-01,1071611.0
bihar,2021-08-01,1124247.0
bihar,2021-09-01,1281721.0
bihar,2021-10-01,998599.0
bihar,2021-11-01,1038013.0
bihar,2021-12-01,1215248.0
bihar,2022-01-01,1273969.0
bihar,2022-02-01,1277281.0
bihar,2022-03-01,1529144.0
bihar,2022-04-01,1599382.0
bihar,2022-05-01,1432726.0
bihar,2022-06-01,1256832.0
bihar,2022-07-01,1264928.0
bihar,2022-08-01,1393391.0
bihar,2022-09-01,1589290.0
bihar,2022-10-01,1346071.0
bihar,2022-11-01,1379357.0
bihar,2022-12-01,1415643.0
bihar,2023-01-01,1558455.0
bihar,2023-02-01,1659527.0
bihar,2023-03-01,1805517.0
bihar,2023-04-01,1729461.0
bihar,2023-05-01,1733773.0
bihar,2023-06-01,1490990.0
bihar,2023-07-01,1465371.0
bihar,2023-08-01,1511756.0
bihar,2023-09-01,1667223.0
bihar,2023-10-01,1797765.0
bihar,2023-11-01,1537753.0
bihar,2023-12-01,1648751.0
bihar,2024-01-01,1727412.0
bihar,2024-02-01,1787731.0
bihar,2024-03-01,1947226.0
bihar,2024-04-01,1804463.0
bihar,2024-05-01,1863092.0
bihar,2024-06-01,1860390.0
bihar,2024-07-01,1785631.0
bihar,2024-08-01,1798957.0
bihar,2024-09-01,2000130.0
bihar,2024-10-01,2192688.0
bihar,2024-11-01,1722927.0
bihar,2024-12-01,1875430.0
bihar,2025-01-01,2159150.0
bihar,2025-02-01,2059538.0
bihar,2025-03-01,2349845.0
bihar,2025-04-01,2315969.0
bihar,2025-05-01,2362771.0
bihar,2025-06-01,2213480.0
bihar,2025-07-01,2503527.0
bihar,2025-08-01,2619331.0
bihar,2025-09-01,2636621.0
bihar,2025-10-01,2379611.0
bihar,2025-11-01,2396585.0
bihar,2025-12-01,2500569.0
bihar,2026-01-01,2733492.0
bihar,2026-02-01,2838377.0
bihar,2026-03-01,2893565.0
bihar,2026-04-01,2841416.0
bihar,2026-05-01,2683598.0
bihar,2026-06-01,2544601.0
bihar,2026-07-01,2504510.0
chandigarh,2018-07-01,184461.0
chandigarh,2018-08-01,217144.0
chandigarh,2018-09-01,207703.0
chandigarh,2018-10-01,235651.0
chandigarh,2018-11-01,194087.0
chandigarh,2018-12-01,199483.0
chandigarh,2019-01-01,198757.0
chandigarh,2019-02-01,196524.0
chandigarh,2019-03-01,221418.0
chandigarh,2019-04-01,210025.0
chandigarh,2019-05-01,208998.0
chandigarh,2019-06-01,193184.0
chandigarh,2019-07-01,202789.0
chandigarh,2019-08-01,206013.0
chandigarh,2019-09-01,214603.0
chandigarh,2019-10-01,224641.0
chandigarh,2019-11-01,206888.0
chandigarh,2019-12-01,203945.0
chandigarh,2020-01-01,199905.0
chandigarh,2020-02-01,208463.0
chandigarh,2020-03-01,204174.4
chandigarh,2020-04-01,199885.8
chandigarh,2020-05-01,195597.2
chandigarh,2020-06-01,191308.6
chandigarh,2020-07-01,187020.0
chandigarh,2020-08-01,179888.0
chandigarh,2020-09-01,203466.0
chandigarh,2020-10-01,235293.0
chandigarh,2020-11-01,201460.0
chandigarh,2020-12-01,210238.0
chandigarh,2021-01-01,202156.0
chandigarh,2021-02-01,212010.0
chandigarh,2021-03-01,240540.0
chandigarh,2021-04-01,213318.0
chandigarh,2021-05-01,148076.0
chandigarh,2021-06-01,200940.0
chandigarh,2021-07-01,229090.0
chandigarh,2021-08-01,230437.0
chandigarh,2021-09-01,241735.0
chandigarh,2021-10-01,244333.0
chandigarh,2021-11-01,216558.0
chandigarh,2021-12-01,238822.0
chandigarh,2022-01-01,216121.0
chandigarh,2022-02-01,220236.0
chandigarh,2022-03-01,267409.0
chandigarh,2022-04-01,251927.0
chandigarh,2022-05-01,242813.0
chandigarh,2022-06-01,244985.0
chandigarh,2022-07-01,249457.0
chandigarh,2022-08-01,256482.0
chandigarh,2022-09-01,275470.0
chandigarh,2022-10-01,261656.0
chandigarh,2022-11-01,255332.0
chandigarh,2022-12-01,258668.0
chandigarh,2023-01-01,241697.0
chandigarh,2023-02-01,247716.0
chandigarh,2023-03-01,286264.0
chandigarh,2023-04-01,267165.0
chandigarh,2023-05-01,273075.0
chandigarh,2023-06-01,261679.0
chandigarh,2023-07-01,256695.0
chandigarh,2023-08-01,286884.0
chandigarh,2023-09-01,291139.0
chandigarh,2023-10-01,319101.0
chandigarh,2023-11-01,272486.0
chandigarh,2023-12-01,286420.0
chandigarh,2024-01-01,282084.0
chandigarh,2024-02-01,288678.0
chandigarh,2024-03-01,314707.0
chandigarh,2024-04-01,297931.0
chandigarh,2024-05-01,325399.0
chandigarh,2024-06-01,305375.0
chandigarh,2024-07-01,332011.0
chandigarh,2024-08-01,321365.0
chandigarh,2024-09-01,338691.0
chandigarh,2024-10-01,393407.0
chandigarh,2024-11-01,321962.0
chandigarh,2024-12-01,343037.0
chandigarh,2025-01-01,359279.0
chandigarh,2025-02-01,340395.0
chandigarh,2025-03-01,388006.0
chandigarh,2025-04-01,372217.0
chandigarh,2025-05-01,358416.0
chandigarh,2025-06-01,346715.0
chandigarh,2025-07-01,388755.0
chandigarh,2025-08-01,393344.0
chandigarh,2025-09-01,431180.0
chandigarh,2025-10-01,447177.0
chandigarh,2025-11-01,423048.0
chandigarh,2025-12-01,449806.0
chandigarh,2026-01-01,433366.0
chandigarh,2026-02-01,428758.0
chandigarh,2026-03-01,469274.0
chandigarh,2026-04-01,438267.0
chandigarh,2026-05-01,437117.0
chandigarh,2026-06-01,415456.0
chandigarh,2026-07-01,421459.0
chhattisgarh,2018-07-01,610475.0
chhattisgarh,2018-08-01,695484.0
chhattisgarh,2018-09-01,670426.0
chhattisgarh,2018-10-01,709551.0
chhattisgarh,2018-11-01,541292.0
chhattisgarh,2018-12-01,661886.0
chhattisgarh,2019-01-01,714324.0
chhattisgarh,2019-02-01,713504.0
chhattisgarh,2019-03-01,746711.0
chhattisgarh,2019-04-01,684490.0
chhattisgarh,2019-05-01,693953.0
chhattisgarh,2019-06-01,648532.0
chhattisgarh,2019-07-01,664095.0
chhattisgarh,2019-08-01,650288.0
chhattisgarh,2019-09-01,616694.0
chhattisgarh,2019-10-01,615534.0
chhattisgarh,2019-11-01,657040.0
chhattisgarh,2019-12-01,723272.0
chhattisgarh,2020-01-01,752071.0
chhattisgarh,2020-02-01,749313.0
chhattisgarh,2020-03-01,724415.8
chhattisgarh,2020-04-01,699518.6
chhattisgarh,2020-05-01,674621.4
chhattisgarh,2020-06-01,649724.2
chhattisgarh,2020-07-01,624827.0
chhattisgarh,2020-08-01,602254.0
chhattisgarh,2020-09-01,623216.0
chhattisgarh,2020-10-01,788258.0
chhattisgarh,2020-11-01,676418.0
chhattisgarh,2020-12-01,823293.0
chhattisgarh,2021-01-01,828059.0
chhattisgarh,2021-02-01,827448.0
chhattisgarh,2021-03-01,856209.0
chhattisgarh,2021-04-01,539565.0
chhattisgarh,2021-05-01,504345.0
chhattisgarh,2021-06-01,719157.0
chhattisgarh,2021-07-01,750415.0
chhattisgarh,2021-08-01,792542.0
chhattisgarh,2021-09-01,724036.0
chhattisgarh,2021-10-01,597540.0
chhattisgarh,2021-11-01,673190.0
chhattisgarh,2021-12-01,841983.0
chhattisgarh,2022-01-01,841033.0
chhattisgarh,2022-02-01,853839.0
chhattisgarh,2022-03-01,930294.0
chhattisgarh,2022-04-01,892817.0
chhattisgarh,2022-05-01,831311.0
chhattisgarh,2022-06-01,827459.0
chhattisgarh,2022-07-01,830805.0
chhattisgarh,2022-08-01,835966.0
chhattisgarh,2022-09-01,925959.0
chhattisgarh,2022-10-01,827282.0
chhattisgarh,2022-11-01,927640.0
chhattisgarh,2022-12-01,1018886.0
chhattisgarh,2023-01-01,1061045.0
chhattisgarh,2023-02-01,1057094.0
chhattisgarh,2023-03-01,1087911.0
chhattisgarh,2023-04-01,1048372.0
chhattisgarh,2023-05-01,1063424.0
chhattisgarh,2023-06-01,1030286.0
chhattisgarh,2023-07-01,1031054.0
chhattisgarh,2023-08-01,1100030.0
chhattisgarh,2023-09-01,1042380.0
chhattisgarh,2023-10-01,1200206.0
chhattisgarh,2023-11-01,993876.0
chhattisgarh,2023-12-01,1126520.0
chhattisgarh,2024-01-01,1163719.0
chhattisgarh,2024-02-01,1240472.0
chhattisgarh,2024-03-01,1276567.0
chhattisgarh,2024-04-01,1223908.0
chhattisgarh,2024-05-01,1302844.0
chhattisgarh,2024-06-01,1545764.0
chhattisgarh,2024-07-01,1567445.0
chhattisgarh,2024-08-01,1556781.0
chhattisgarh,2024-09-01,1616144.0
chhattisgarh,2024-10-01,1853550.0
chhattisgarh,2024-11-01,1614352.0
chhattisgarh,2024-12-01,1858688.0
chhattisgarh,2025-01-01,2114026.0
chhattisgarh,2025-02-01,1943013.0
chhattisgarh,2025-03-01,2162984.0
chhattisgarh,2025-04-01,1935423.0
chhattisgarh,2025-05-01,1946530.0
chhattisgarh,2025-06-01,1914732.0
chhattisgarh,2025-07-01,1953323.0
chhattisgarh,2025-08-01,1885322.0
chhattisgarh,2025-09-01,1948937.0
chhattisgarh,2025-10-01,1813320.0
chhattisgarh,2025-11-01,1948559.0
chhattisgarh,2025-12-01,2078542.0
chhattisgarh,2026-01-01,2223704.0
chhattisgarh,2026-02-01,2228337.0
chhattisgarh,2026-03-01,2329257.0
chhattisgarh,2026-04-01,2136768.0
chhattisgarh,2026-05-01,2118935.0
chhattisgarh,2026-06-01,2189787.0
chhattisgarh,2026-07-01,2144855.0
delhi,2018-07-01,3080492.0
delhi,2018-08-01,3599140.0
delhi,2018-09-01,3700947.0
delhi,2018-10-01,4214512.0
delhi,2018-11-01,3313515.0
delhi,2018-12-01,3692499.0
delhi,2019-01-01,3744909.0
delhi,2019-02-01,3667558.0
delhi,2019-03-01,3969229.0
delhi,2019-04-01,3892901.0
delhi,2019-05-01,3943279.0
delhi,2019-06-01,3438938.0
delhi,2019-07-01,3651453.0
delhi,2019-08-01,3750261.0
delhi,2019-09-01,4102139.0
delhi,2019-10-01,4094117.0
delhi,2019-11-01,3828511.0
delhi,2019-12-01,3659621.0
delhi,2020-01-01,3871837.0
delhi,2020-02-01,3913739.0
delhi,2020-03-01,3724687.0
delhi,2020-04-01,3535635.0
delhi,2020-05-01,3346583.0
delhi,2020-06-01,3157531.0
delhi,2020-07-01,2968479.0
delhi,2020-08-01,3034302.0
delhi,2020-09-01,3697927.0
delhi,2020-10-01,4382238.0
delhi,2020-11-01,3672395.0
delhi,2020-12-01,3920524.0
delhi,2021-01-01,3764733.0
delhi,2021-02-01,4065888.0
delhi,2021-03-01,4561523.0
delhi,2021-04-01,3018620.0
delhi,2021-05-01,1743184.0
delhi,2021-06-01,3316527.0
delhi,2021-07-01,3924402.0
delhi,2021-08-01,4110682.0
delhi,2021-09-01,4621878.0
delhi,2021-10-01,4465420.0
delhi,2021-11-01,4035613.0
delhi,2021-12-01,4601870.0
delhi,2022-01-01,4172405.0
delhi,2022-02-01,4519340.0
delhi,2022-03-01,5084219.0
delhi,2022-04-01,4835788.0
delhi,2022-05-01,4509630.0
delhi,2022-06-01,4551424.0
delhi,2022-07-01,4698793.0
delhi,2022-08-01,5008384.0
delhi,2022-09-01,5470051.0
delhi,2022-10-01,4914522.0
delhi,2022-11-01,5075270.0
delhi,2022-12-01,5096146.0
delhi,2023-01-01,4986953.0
delhi,2023-02-01,5115055.0
delhi,2023-03-01,5602934.0
delhi,2023-04-01,5175243.0
delhi,2023-05-01,5262377.0
delhi,2023-06-01,5027779.0
delhi,2023-07-01,5193419.0
delhi,2023-08-01,5694735.0
delhi,2023-09-01,5876951.0
delhi,2023-10-01,6712889.0
delhi,2023-11-01,5579662.0
delhi,2023-12-01,5938729.0
delhi,2024-01-01,6053899.0
delhi,2024-02-01,6337797.0
delhi,2024-03-01,6869378.0
delhi,2024-04-01,6258016.0
delhi,2024-05-01,6655047.0
delhi,2024-06-01,6470384.0
delhi,2024-07-01,7390078.0
delhi,2024-08-01,7123964.0
delhi,2024-09-01,7717223.0
delhi,2024-10-01,8707096.0
delhi,2024-11-01,7080400.0
delhi,2024-12-01,7934314.0
delhi,2025-01-01,8570743.0
delhi,2025-02-01,8136454.0
delhi,2025-03-01,9223921.0
delhi,2025-04-01,8689870.0
delhi,2025-05-01,8540267.0
delhi,2025-06-01,8300118.0
delhi,2025-07-01,9162038.0
delhi,2025-08-01,8983031.0
delhi,2025-09-01,9556566.0
delhi,2025-10-01,9198557.0
delhi,2025-11-01,8567254.0
delhi,2025-12-01,9093115.0
delhi,2026-01-01,9244174.0
delhi,2026-02-01,8938634.0
delhi,2026-03-01,9349215.0
delhi,2026-04-01,8728335.0
delhi,2026-05-01,8734092.0
delhi,2026-06-01,8216664.0
delhi,2026-07-01,8579293.0
dnh and dd,2018-07-01,612860.0
dnh and dd,2018-08-01,737660.0
dnh and dd,2018-09-01,676050.0
dnh and dd,2018-10-01,693464.0
dnh and dd,2018-11-01,581496.0
dnh and dd,2018-12-01,732397.0
dnh and dd,2019-01-01,741491.0
dnh and dd,2019-02-01,702802.0
dnh and dd,2019-03-01,733979.0
dnh and dd,2019-04-01,702768.0
dnh and dd,2019-05-01,698391.0
dnh and dd,2019-06-01,677739.0
dnh and dd,2019-07-01,741455.0
dnh and dd,2019-08-01,704724.0
dnh and dd,2019-09-01,688876.0
dnh and dd,2019-10-01,652409.0
dnh and dd,2019-11-01,709025.0
dnh and dd,2019-12-01,759963.0
dnh and dd,2020-01-01,767785.0
dnh and dd,2020-02-01,738232.0
dnh and dd,2020-03-01,693784.0
dnh and dd,2020-04-01,649336.0
dnh and dd,2020-05-01,604888.0
dnh and dd,2020-06-01,560440.0
dnh and dd,2020-07-01,515992.0
dnh and dd,2020-08-01,531191.0
dnh and dd,2020-09-01,656411.0
dnh and dd,2020-10-01,720217.0
dnh and dd,2020-11-01,645112.0
dnh and dd,2020-12-01,749562.0
dnh and dd,2021-01-01,748951.0
dnh and dd,2021-02-01,724622.0
dnh and dd,2021-03-01,756055.0
dnh and dd,2021-04-01,598216.0
dnh and dd,2021-05-01,497044.0
dnh and dd,2021-06-01,583173.0
dnh and dd,2021-07-01,679173.0
dnh and dd,2021-08-01,730547.0
dnh and dd,2021-09-01,729242.0
dnh and dd,2021-10-01,17438.0
dnh and dd,2021-11-01,620090.0
dnh and dd,2021-12-01,774004.0
dnh and dd,2022-01-01,755802.0
dnh and dd,2022-02-01,749012.0
dnh and dd,2022-03-01,786161.0
dnh and dd,2022-04-01,720640.0
dnh and dd,2022-05-01,740145.0
dnh and dd,2022-06-01,750420.0
dnh and dd,2022-07-01,739668.0
dnh and dd,2022-08-01,769656.0
dnh and dd,2022-09-01,792371.0
dnh and dd,2022-10-01,701413.0
dnh and dd,2022-11-01,758354.0
dnh and dd,2022-12-01,817244.0
dnh and dd,2023-01-01,794587.0
dnh and dd,2023-02-01,740757.0
dnh and dd,2023-03-01,822473.0
dnh and dd,2023-04-01,731779.0
dnh and dd,2023-05-01,766303.0
dnh and dd,2023-06-01,771738.0
dnh and dd,2023-07-01,806214.0
dnh and dd,2023-08-01,817720.0
dnh and dd,2023-09-01,799205.0
dnh and dd,2023-10-01,813419.0
dnh and dd,2023-11-01,692202.0
dnh and dd,2023-12-01,826992.0
dnh and dd,2024-01-01,809400.0
dnh and dd,2024-02-01,801940.0
dnh and dd,2024-03-01,830393.0
dnh and dd,2024-04-01,778689.0
dnh and dd,2024-05-01,827015.0
dnh and dd,2024-06-01,823172.0
dnh and dd,2024-07-01,830370.0
dnh and dd,2024-08-01,829855.0
dnh and dd,2024-09-01,852437.0
dnh and dd,2024-10-01,881487.0
dnh and dd,2024-11-01,763417.0
dnh and dd,2024-12-01,879131.0
dnh and dd,2025-01-01,897806.0
dnh and dd,2025-02-01,802718.0
dnh and dd,2025-03-01,866043.0
dnh and dd,2025-04-01,811513.0
dnh and dd,2025-05-01,838420.0
dnh and dd,2025-06-01,832971.0
dnh and dd,2025-07-01,908789.0
dnh and dd,2025-08-01,862559.0
dnh and dd,2025-09-01,880456.0
dnh and dd,2025-10-01,775622.0
dnh and dd,2025-11-01,836368.0
dnh and dd,2025-12-01,903468.0
dnh and dd,2026-01-01,886657.0
dnh and dd,2026-02-01,843475.0
dnh and dd,2026-03-01,858785.0
dnh and dd,2026-04-01,739149.0
dnh and dd,2026-05-01,786646.0
dnh and dd,2026-06-01,840231.0
dnh and dd,2026-07-01,838266.0
goa,2018-07-01,193936.0
goa,2018-08-01,231955.0
goa,2018-09-01,205805.0
goa,2018-10-01,240636.0
goa,2018-11-01,217809.0
goa,2018-12-01,222946.0
goa,2019-01-01,219972.0
goa,2019-02-01,210513.0
goa,2019-03-01,227948.0
goa,2019-04-01,217759.0
goa,2019-05-01,230964.0
goa,2019-06-01,209238.0
goa,2019-07-01,207707.0
goa,2019-08-01,206898.0
goa,2019-09-01,192196.0
goa,2019-10-01,210024.0
goa,2019-11-01,227329.0
goa,2019-12-01,226457.0
goa,2020-01-01,237847.0
goa,2020-02-01,229763.0
goa,2020-03-01,219920.8
goa,2020-04-01,210078.6
goa,2020-05-01,200236.4
goa,2020-06-01,190394.2
goa,2020-07-01,180552.0
goa,2020-08-01,175831.0
goa,2020-09-01,209275.0
goa,2020-10-01,227259.0
goa,2020-11-01,228131.0
goa,2020-12-01,246840.0
goa,2021-01-01,247101.0
goa,2021-02-01,239356.0
goa,2021-03-01,283564.0
goa,2021-04-01,239140.0
goa,2021-05-01,164846.0
goa,2021-06-01,203496.0
goa,2021-07-01,233071.0
goa,2021-08-01,271194.0
goa,2021-09-01,248781.0
goa,2021-10-01,207343.0
goa,2021-11-01,259876.0
goa,2021-12-01,298367.0
goa,2022-01-01,272646.0
goa,2022-02-01,262654.0
goa,2022-03-01,295690.0
goa,2022-04-01,284649.0
goa,2022-05-01,292194.0
goa,2022-06-01,288251.0
goa,2022-07-01,278937.0
goa,2022-08-01,296570.0
goa,2022-09-01,295176.0
goa,2022-10-01,298020.0
goa,2022-11-01,315923.0
goa,2022-12-01,328672.0
goa,2023-01-01,308360.0
goa,2023-02-01,294905.0
goa,2023-03-01,332580.0
goa,2023-04-01,310044.0
goa,2023-05-01,328855.0
goa,2023-06-01,320630.0
goa,2023-07-01,314798.0
goa,2023-08-01,348602.0
goa,2023-09-01,308493.0
goa,2023-10-01,358603.0
goa,2023-11-01,340843.0
goa,2023-12-01,352259.0
goa,2024-01-01,346242.0
goa,2024-02-01,344570.0
goa,2024-03-01,365653.0
goa,2024-04-01,348222.0
goa,2024-05-01,384194.0
goa,2024-06-01,359239.0
goa,2024-07-01,363009.0
goa,2024-08-01,393966.0
goa,2024-09-01,363277.0
goa,2024-10-01,416013.0
goa,2024-11-01,404916.0
goa,2024-12-01,412499.0
goa,2025-01-01,440538.0
goa,2025-02-01,391448.0
goa,2025-03-01,431524.0
goa,2025-04-01,419204.0
goa,2025-05-01,421300.0
goa,2025-06-01,422749.0
goa,2025-07-01,466528.0
goa,2025-08-01,445750.0
goa,2025-09-01,489489.0
goa,2025-10-01,532574.0
goa,2025-11-01,573974.0
goa,2025-12-01,621702.0
goa,2026-01-01,618289.0
goa,2026-02-01,566977.0
goa,2026-03-01,611127.0
goa,2026-04-01,585254.0
goa,2026-05-01,579270.0
goa,2026-06-01,541547.0
goa,2026-07-01,516705.0
gujarat,2018-07-01,4957104.0
gujarat,2018-08-01,6564749.0
gujarat,2018-09-01,6143184.0
gujarat,2018-10-01,8270782.0
gujarat,2018-11-01,5828871.0
gujarat,2018-12-01,7814213.0
gujarat,2019-01-01,8118627.0
gujarat,2019-02-01,7817846.0
gujarat,2019-03-01,8144132.0
gujarat,2019-04-01,8352788.0
gujarat,2019-05-01,8172132.0
gujarat,2019-06-01,7058001.0
gujarat,2019-07-01,7578033.0
gujarat,2019-08-01,7413602.0
gujarat,2019-09-01,8003651.0
gujarat,2019-10-01,8212383.0
gujarat,2019-11-01,7645001.0
gujarat,2019-12-01,8677755.0
gujarat,2020-01-01,8996118.0
gujarat,2020-02-01,8932668.0
gujarat,2020-03-01,8474407.2
gujarat,2020-04-01,8016146.4
gujarat,2020-05-01,7557885.6
gujarat,2020-06-01,7099624.8
gujarat,2020-07-01,6641364.0
gujarat,2020-08-01,6558424.0
gujarat,2020-09-01,8275198.0
gujarat,2020-10-01,10212700.0
gujarat,2020-11-01,8266730.0
gujarat,2020-12-01,9631848.0
gujarat,2021-01-01,9660717.0
gujarat,2021-02-01,9823478.0
gujarat,2021-03-01,10788892.0
gujarat,2021-04-01,8520604.0
gujarat,2021-05-01,5577961.0
gujarat,2021-06-01,7938692.0
gujarat,2021-07-01,9284055.0
gujarat,2021-08-01,9727638.0
gujarat,2021-09-01,9992923.0
gujarat,2021-10-01,835155.0
gujarat,2021-11-01,8165321.0
gujarat,2021-12-01,10478198.0
gujarat,2022-01-01,10103548.0
gujarat,2022-02-01,10094111.0
gujarat,2022-03-01,11382623.0
gujarat,2022-04-01,11384239.0
gujarat,2022-05-01,10046870.0
gujarat,2022-06-01,9959651.0
gujarat,2022-07-01,10270010.0
gujarat,2022-08-01,10532904.0
gujarat,2022-09-01,11973437.0
gujarat,2022-10-01,10357472.0
gujarat,2022-11-01,10992397.0
gujarat,2022-12-01,11847455.0
gujarat,2023-01-01,11965012.0
gujarat,2023-02-01,11876891.0
gujarat,2023-03-01,12736957.0
gujarat,2023-04-01,12111680.0
gujarat,2023-05-01,12034376.0
gujarat,2023-06-01,10963441.0
gujarat,2023-07-01,11614434.0
gujarat,2023-08-01,13015342.0
gujarat,2023-09-01,12750731.0
gujarat,2023-10-01,14691675.0
gujarat,2023-11-01,10710144.0
gujarat,2023-12-01,13298449.0
gujarat,2024-01-01,13587442.0
gujarat,2024-02-01,13269862.0
gujarat,2024-03-01,13656535.0
gujarat,2024-04-01,13155922.0
gujarat,2024-05-01,13279101.0
gujarat,2024-06-01,13002873.0
gujarat,2024-07-01,13529899.0
gujarat,2024-08-01,13559099.0
gujarat,2024-09-01,14775102.0
gujarat,2024-10-01,16326274.0
gujarat,2024-11-01,12015324.0
gujarat,2024-12-01,14667754.0
gujarat,2025-01-01,15675429.0
gujarat,2025-02-01,14468122.0
gujarat,2025-03-01,15416050.0
gujarat,2025-04-01,15451710.0
gujarat,2025-05-01,14802891.0
gujarat,2025-06-01,14001851.0
gujarat,2025-07-01,16525821.0
gujarat,2025-08-01,16043204.0
gujarat,2025-09-01,17427395.0
gujarat,2025-10-01,15045067.0
gujarat,2025-11-01,15965973.0
gujarat,2025-12-01,17199196.0
gujarat,2026-01-01,17938039.0
gujarat,2026-02-01,17594707.0
gujarat,2026-03-01,17217933.0
gujarat,2026-04-01,16370361.0
gujarat,2026-05-01,15866713.0
gujarat,2026-06-01,16600529.0
gujarat,2026-07-01,16528549.0
haryana,2018-07-01,5490678.0
haryana,2018-08-01,5839624.0
haryana,2018-09-01,5780441.0
haryana,2018-10-01,6224862.0
haryana,2018-11-01,5191525.0
haryana,2018-12-01,5621432.0
haryana,2019-01-01,5757295.0
haryana,2019-02-01,5625688.0
haryana,2019-03-01,5929787.0
haryana,2019-04-01,5866572.0
haryana,2019-05-01,6097744.0
haryana,2019-06-01,5635529.0
haryana,2019-07-01,6029640.0
haryana,2019-08-01,5808427.0
haryana,2019-09-01,6350796.0
haryana,2019-10-01,6255678.0
haryana,2019-11-01,6256806.0
haryana,2019-12-01,6398774.0
haryana,2020-01-01,6758803.0
haryana,2020-02-01,6592207.0
haryana,2020-03-01,6476797.2
haryana,2020-04-01,6361387.4
haryana,2020-05-01,6245977.6
haryana,2020-06-01,6130567.8
haryana,2020-07-01,6015158.0
haryana,2020-08-01,6178602.0
haryana,2020-09-01,7194197.0
haryana,2020-10-01,7817445.0
haryana,2020-11-01,6807865.0
haryana,2020-12-01,7313452.0
haryana,2021-01-01,7406466.0
haryana,2021-02-01,7545653.0
haryana,2021-03-01,8221213.0
haryana,2021-04-01,7081723.0
haryana,2021-05-01,4599173.0
haryana,2021-06-01,6801114.0
haryana,2021-07-01,7659938.0
haryana,2021-08-01,7491429.0
haryana,2021-09-01,7940592.0
haryana,2021-10-01,7902116.0
haryana,2021-11-01,7007387.0
haryana,2021-12-01,8048723.0
haryana,2022-01-01,8081618.0
haryana,2022-02-01,8075547.0
haryana,2022-03-01,8634985.0
haryana,2022-04-01,8441869.0
haryana,2022-05-01,8592534.0
haryana,2022-06-01,8664055.0
haryana,2022-07-01,9082370.0
haryana,2022-08-01,9111770.0
haryana,2022-09-01,10300373.0
haryana,2022-10-01,9350335.0
haryana,2022-11-01,9377069.0
haryana,2022-12-01,9387777.0
haryana,2023-01-01,9435791.0
haryana,2023-02-01,9159468.0
haryana,2023-03-01,10038402.0
haryana,2023-04-01,9684176.0
haryana,2023-05-01,10233737.0
haryana,2023-06-01,9933347.0
haryana,2023-07-01,10749689.0
haryana,2023-08-01,11063813.0
haryana,2023-09-01,11632028.0
haryana,2023-10-01,12969567.0
haryana,2023-11-01,10809338.0
haryana,2023-12-01,11285585.0
haryana,2024-01-01,11800124.0
haryana,2024-02-01,12011248.0
haryana,2024-03-01,12981271.0
haryana,2024-04-01,12583488.0
haryana,2024-05-01,13667851.0
haryana,2024-06-01,13398165.0
haryana,2024-07-01,14897186.0
haryana,2024-08-01,14365179.0
haryana,2024-09-01,15661252.0
haryana,2024-10-01,16805779.0
haryana,2024-11-01,14172568.0
haryana,2024-12-01,15884856.0
haryana,2025-01-01,17023397.0
haryana,2025-02-01,16080173.0
haryana,2025-03-01,17848306.0
haryana,2025-04-01,17553653.0
haryana,2025-05-01,18268965.0
haryana,2025-06-01,17622173.0
haryana,2025-07-01,19094480.0
haryana,2025-08-01,17831409.0
haryana,2025-09-01,18606055.0
haryana,2025-10-01,17618920.0
haryana,2025-11-01,17017920.0
haryana,2025-12-01,18333151.0
haryana,2026-01-01,18111166.0
haryana,2026-02-01,16992971.0
haryana,2026-03-01,18450397.0
haryana,2026-04-01,18050973.0
haryana,2026-05-01,18954527.0
haryana,2026-06-01,18352564.0
haryana,2026-07-01,19161446.0
himachal pradesh,2018-07-01,675169.0
himachal pradesh,2018-08-01,786189.0
himachal pradesh,2018-09-01,747177.0
himachal pradesh,2018-10-01,820152.0
himachal pradesh,2018-11-01,701925.0
himachal pradesh,2018-12-01,742415.0
himachal pradesh,2019-01-01,719303.0
himachal pradesh,2019-02-01,681145.0
himachal pradesh,2019-03-01,765317.0
himachal pradesh,2019-04-01,756366.0
himachal pradesh,2019-05-01,786462.0
himachal pradesh,2019-06-01,750114.0
himachal pradesh,2019-07-01,784614.0
himachal pradesh,2019-08-01,755625.0
himachal pradesh,2019-09-01,804683.0
himachal pradesh,2019-10-01,779799.0
himachal pradesh,2019-11-01,775332.0
himachal pradesh,2019-12-01,745835.0
himachal pradesh,2020-01-01,723408.0
himachal pradesh,2020-02-01,736271.0
himachal pradesh,2020-03-01,737715.2
himachal pradesh,2020-04-01,739159.4
himachal pradesh,2020-05-01,740603.6
himachal pradesh,2020-06-01,742047.8
himachal pradesh,2020-07-01,743492.0
himachal pradesh,2020-08-01,737251.0
himachal pradesh,2020-09-01,836089.0
himachal pradesh,2020-10-01,926112.0
himachal pradesh,2020-11-01,765063.0
himachal pradesh,2020-12-01,818353.0
himachal pradesh,2021-01-01,769827.0
himachal pradesh,2021-02-01,787194.0
himachal pradesh,2021-03-01,889774.0
himachal pradesh,2021-04-01,806487.0
himachal pradesh,2021-05-01,635791.0
himachal pradesh,2021-06-01,777578.0
himachal pradesh,2021-07-01,866861.0
himachal pradesh,2021-08-01,868312.0
himachal pradesh,2021-09-01,926730.0
himachal pradesh,2021-10-01,916416.0
himachal pradesh,2021-11-01,785649.0
himachal pradesh,2021-12-01,888509.0
himachal pradesh,2022-01-01,807237.0
himachal pradesh,2022-02-01,817866.0
himachal pradesh,2022-03-01,941922.0
himachal pradesh,2022-04-01,924820.0
himachal pradesh,2022-05-01,950824.0
himachal pradesh,2022-06-01,963203.0
himachal pradesh,2022-07-01,953361.0
himachal pradesh,2022-08-01,947791.0
himachal pradesh,2022-09-01,1012857.0
himachal pradesh,2022-10-01,929591.0
himachal pradesh,2022-11-01,966499.0
himachal pradesh,2022-12-01,932444.0
himachal pradesh,2023-01-01,859059.0
himachal pradesh,2023-02-01,881020.0
himachal pradesh,2023-03-01,1044460.0
himachal pradesh,2023-04-01,991111.0
himachal pradesh,2023-05-01,1034867.0
himachal pradesh,2023-06-01,1026174.0
himachal pradesh,2023-07-01,941153.0
himachal pradesh,2023-08-01,1004676.0
himachal pradesh,2023-09-01,1066719.0
himachal pradesh,2023-10-01,1113230.0
himachal pradesh,2023-11-01,953264.0
himachal pradesh,2023-12-01,1031520.0
himachal pradesh,2024-01-01,976575.0
himachal pradesh,2024-02-01,975492.0
himachal pradesh,2024-03-01,1053894.0
himachal pradesh,2024-04-01,1034745.0
himachal pradesh,2024-05-01,1138533.0
himachal pradesh,2024-06-01,1085810.0
himachal pradesh,2024-07-01,1116847.0
himachal pradesh,2024-08-01,1082912.0
himachal pradesh,2024-09-01,1115573.0
himachal pradesh,2024-10-01,1166417.0
himachal pradesh,2024-11-01,1022286.0
himachal pradesh,2024-12-01,1066556.0
himachal pradesh,2025-01-01,1095617.0
himachal pradesh,2025-02-01,1002933.0
himachal pradesh,2025-03-01,1140390.0
himachal pradesh,2025-04-01,1124379.0
himachal pradesh,2025-05-01,1198239.0
himachal pradesh,2025-06-01,1158730.0
himachal pradesh,2025-07-01,1209124.0
himachal pradesh,2025-08-01,1108069.0
himachal pradesh,2025-09-01,1199156.0
himachal pradesh,2025-10-01,1160175.0
himachal pradesh,2025-11-01,1210304.0
himachal pradesh,2025-12-01,1272872.0
himachal pradesh,2026-01-01,1195999.0
himachal pradesh,2026-02-01,1183954.0
himachal pradesh,2026-03-01,1286623.0
himachal pradesh,2026-04-01,1207913.0
himachal pradesh,2026-05-01,1254165.0
himachal pradesh,2026-06-01,1314420.0
himachal pradesh,2026-07-01,1307109.0
jammu and kashmir,2018-07-01,298732.0
jammu and kashmir,2018-08-01,336661.0
jammu and kashmir,2018-09-01,346614.0
jammu and kashmir,2018-10-01,370959.0
jammu and kashmir,2018-11-01,315600.0
jammu and kashmir,2018-12-01,313435.0
jammu and kashmir,2019-01-01,282930.0
jammu and kashmir,2019-02-01,245880.0
jammu and kashmir,2019-03-01,390844.0
jammu and kashmir,2019-04-01,385054.0
jammu and kashmir,2019-05-01,397197.0
jammu and kashmir,2019-06-01,360697.0
jammu and kashmir,2019-07-01,383878.0
jammu and kashmir,2019-08-01,228791.0
jammu and kashmir,2019-09-01,264576.0
jammu and kashmir,2019-10-01,313909.0
jammu and kashmir,2019-11-01,301047.0
jammu and kashmir,2019-12-01,264641.0
jammu and kashmir,2020-01-01,261180.0
jammu and kashmir,2020-02-01,324911.0
jammu and kashmir,2020-03-01,334091.6
jammu and kashmir,2020-04-01,343272.2
jammu and kashmir,2020-05-01,352452.8
jammu and kashmir,2020-06-01,361633.4
jammu and kashmir,2020-07-01,370814.0
jammu and kashmir,2020-08-01,328439.0
jammu and kashmir,2020-09-01,410911.0
jammu and kashmir,2020-10-01,468472.0
jammu and kashmir,2020-11-01,391752.0
jammu and kashmir,2020-12-01,363473.0
jammu and kashmir,2021-01-01,312330.0
jammu and kashmir,2021-02-01,389886.0
jammu and kashmir,2021-03-01,486420.0
jammu and kashmir,2021-04-01,414782.0
jammu and kashmir,2021-05-01,252086.0
jammu and kashmir,2021-06-01,405878.0
jammu and kashmir,2021-07-01,437844.0
jammu and kashmir,2021-08-01,442427.0
jammu and kashmir,2021-09-01,477574.0
jammu and kashmir,2021-10-01,439781.0
jammu and kashmir,2021-11-01,425363.0
jammu and kashmir,2021-12-01,432394.0
jammu and kashmir,2022-01-01,342168.0
jammu and kashmir,2022-02-01,418679.0
jammu and kashmir,2022-03-01,548752.0
jammu and kashmir,2022-04-01,514217.0
jammu and kashmir,2022-05-01,491903.0
jammu and kashmir,2022-06-01,486026.0
jammu and kashmir,2022-07-01,472772.0
jammu and kashmir,2022-08-01,493721.0
jammu and kashmir,2022-09-01,542225.0
jammu and kashmir,2022-10-01,525980.0
jammu and kashmir,2022-11-01,514544.0
jammu and kashmir,2022-12-01,483556.0
jammu and kashmir,2023-01-01,422839.0
jammu and kashmir,2023-02-01,469256.0
jammu and kashmir,2023-03-01,620803.0
jammu and kashmir,2023-04-01,520235.0
jammu and kashmir,2023-05-01,578592.0
jammu and kashmir,2023-06-01,547211.0
jammu and kashmir,2023-07-01,543034.0
jammu and kashmir,2023-08-01,569785.0
jammu and kashmir,2023-09-01,589607.0
jammu and kashmir,2023-10-01,613402.0
jammu and kashmir,2023-11-01,546179.0
jammu and kashmir,2023-12-01,544890.0
jammu and kashmir,2024-01-01,499820.0
jammu and kashmir,2024-02-01,519293.0
jammu and kashmir,2024-03-01,643153.0
jammu and kashmir,2024-04-01,564343.0
jammu and kashmir,2024-05-01,659921.0
jammu and kashmir,2024-06-01,601027.0
jammu and kashmir,2024-07-01,627506.0
jammu and kashmir,2024-08-01,601877.0
jammu and kashmir,2024-09-01,633131.0
jammu and kashmir,2024-10-01,685686.0
jammu and kashmir,2024-11-01,602402.0
jammu and kashmir,2024-12-01,587325.0
jammu and kashmir,2025-01-01,577291.0
jammu and kashmir,2025-02-01,589669.0
jammu and kashmir,2025-03-01,705816.0
jammu and kashmir,2025-04-01,681004.0
jammu and kashmir,2025-05-01,685476.0
jammu and kashmir,2025-06-01,664530.0
jammu and kashmir,2025-07-01,731316.0
jammu and kashmir,2025-08-01,646819.0
jammu and kashmir,2025-09-01,722972.0
jammu and kashmir,2025-10-01,818353.0
jammu and kashmir,2025-11-01,784424.0
jammu and kashmir,2025-12-01,773667.0
jammu and kashmir,2026-01-01,701378.0
jammu and kashmir,2026-02-01,747657.0
jammu and kashmir,2026-03-01,834231.0
jammu and kashmir,2026-04-01,806853.0
jammu and kashmir,2026-05-01,820603.0
jammu and kashmir,2026-06-01,821539.0
jammu and kashmir,2026-07-01,798053.0
jharkhand,2018-07-01,859419.0
jharkhand,2018-08-01,903043.0
jharkhand,2018-09-01,979467.0
jharkhand,2018-10-01,941622.0
jharkhand,2018-11-01,865820.0
jharkhand,2018-12-01,876431.0
jharkhand,2019-01-01,947955.0
jharkhand,2019-02-01,933172.0
jharkhand,2019-03-01,1018161.0
jharkhand,2019-04-01,954021.0
jharkhand,2019-05-01,970058.0
jharkhand,2019-06-01,870292.0
jharkhand,2019-07-01,838369.0
jharkhand,2019-08-01,855687.0
jharkhand,2019-09-01,852687.0
jharkhand,2019-10-01,749379.0
jharkhand,2019-11-01,841058.0
jharkhand,2019-12-01,894428.0
jharkhand,2020-01-01,946729.0
jharkhand,2020-02-01,932467.0
jharkhand,2020-03-01,905838.4
jharkhand,2020-04-01,879209.8
jharkhand,2020-05-01,852581.2
jharkhand,2020-06-01,825952.6
jharkhand,2020-07-01,799324.0
jharkhand,2020-08-01,779355.0
jharkhand,2020-09-01,919255.0
jharkhand,2020-10-01,997863.0
jharkhand,2020-11-01,932152.0
jharkhand,2020-12-01,1086617.0
jharkhand,2021-01-01,1076032.0
jharkhand,2021-02-01,1128023.0
jharkhand,2021-03-01,1277320.0
jharkhand,2021-04-01,1047366.0
jharkhand,2021-05-01,700752.0
jharkhand,2021-06-01,866720.0
jharkhand,2021-07-01,1027945.0
jharkhand,2021-08-01,1030309.0
jharkhand,2021-09-01,1088923.0
jharkhand,2021-10-01,1032849.0
jharkhand,2021-11-01,1026085.0
jharkhand,2021-12-01,1125400.0
jharkhand,2022-01-01,1145891.0
jharkhand,2022-02-01,1251699.0
jharkhand,2022-03-01,1399054.0
jharkhand,2022-04-01,1307664.0
jharkhand,2022-05-01,1254923.0
jharkhand,2022-06-01,1155602.0
jharkhand,2022-07-01,1182044.0
jharkhand,2022-08-01,1203671.0
jharkhand,2022-09-01,1268769.0
jharkhand,2022-10-01,1189480.0
jharkhand,2022-11-01,1309848.0
jharkhand,2022-12-01,1345929.0
jharkhand,2023-01-01,1379188.0
jharkhand,2023-02-01,1432381.0
jharkhand,2023-03-01,1533619.0
jharkhand,2023-04-01,1400971.0
jharkhand,2023-05-01,1425130.0
jharkhand,2023-06-01,1367053.0
jharkhand,2023-07-01,1331549.0
jharkhand,2023-08-01,1373713.0
jharkhand,2023-09-01,1422074.0
jharkhand,2023-10-01,1432385.0
jharkhand,2023-11-01,1385528.0
jharkhand,2023-12-01,1414457.0
jharkhand,2024-01-01,1447168.0
jharkhand,2024-02-01,1489155.0
jharkhand,2024-03-01,1566790.0
jharkhand,2024-04-01,1467937.0
jharkhand,2024-05-01,1532392.0
jharkhand,2024-06-01,1494847.0
jharkhand,2024-07-01,1478210.0
jharkhand,2024-08-01,1432443.0
jharkhand,2024-09-01,1530667.0
jharkhand,2024-10-01,1592670.0
jharkhand,2024-11-01,1458575.0
jharkhand,2024-12-01,1597352.0
jharkhand,2025-01-01,1710141.0
jharkhand,2025-02-01,1672323.0
jharkhand,2025-03-01,1850708.0
jharkhand,2025-04-01,1755386.0
jharkhand,2025-05-01,1767228.0
jharkhand,2025-06-01,1576820.0
jharkhand,2025-07-01,1671833.0
jharkhand,2025-08-01,1765220.0
jharkhand,2025-09-01,1842687.0
jharkhand,2025-10-01,1810390.0
jharkhand,2025-11-01,1940818.0
jharkhand,2025-12-01,2079350.0
jharkhand,2026-01-01,2133229.0
jharkhand,2026-02-01,2180742.0
jharkhand,2026-03-01,2226132.0
jharkhand,2026-04-01,2105323.0
jharkhand,2026-05-01,2062491.0
jharkhand,2026-06-01,1942635.0
jharkhand,2026-07-01,1967677.0
karnataka,2018-07-01,4962440.0
karnataka,2018-08-01,5489958.0
karnataka,2018-09-01,5265853.0
karnataka,2018-10-01,5616155.0
karnataka,2018-11-01,4993656.0
karnataka,2018-12-01,5399323.0
karnataka,2019-01-01,5476769.0
karnataka,2019-02-01,5375891.0
karnataka,2019-03-01,6030565.0
karnataka,2019-04-01,5451449.0
karnataka,2019-05-01,6008571.0
karnataka,2019-06-01,5599934.0
karnataka,2019-07-01,5987036.0
karnataka,2019-08-01,5860237.0
karnataka,2019-09-01,5734804.0
karnataka,2019-10-01,5707729.0
karnataka,2019-11-01,5763144.0
karnataka,2019-12-01,6165450.0
karnataka,2020-01-01,6334016.0
karnataka,2020-02-01,6301890.0
karnataka,2020-03-01,6069516.2
karnataka,2020-04-01,5837142.4
karnataka,2020-05-01,5604768.6
karnataka,2020-06-01,5372394.8
karnataka,2020-07-01,5140021.0
karnataka,2020-08-01,5567398.0
karnataka,2020-09-01,6478355.0
karnataka,2020-10-01,7037689.0
karnataka,2020-11-01,6649926.0
karnataka,2020-12-01,7310818.0
karnataka,2021-01-01,7260332.0
karnataka,2021-02-01,7172899.0
karnataka,2021-03-01,8156301.0
karnataka,2021-04-01,6831505.0
karnataka,2021-05-01,4158815.0
karnataka,2021-06-01,5639514.0
karnataka,2021-07-01,7687462.0
karnataka,2021-08-01,7920964.0
karnataka,2021-09-01,8220515.0
karnataka,2021-10-01,6990360.0
karnataka,2021-11-01,7125399.0
karnataka,2021-12-01,8291292.0
karnataka,2022-01-01,7974230.0
karnataka,2022-02-01,7913400.0
karnataka,2022-03-01,8977100.0
karnataka,2022-04-01,8341424.0
karnataka,2022-05-01,8343724.0
karnataka,2022-06-01,8700810.0
karnataka,2022-07-01,9058825.0
karnataka,2022-08-01,9149836.0
karnataka,2022-09-01,10065588.0
karnataka,2022-10-01,9246140.0
karnataka,2022-11-01,9332618.0
karnataka,2022-12-01,9893039.0
karnataka,2023-01-01,9861729.0
karnataka,2023-02-01,9489848.0
karnataka,2023-03-01,10688122.0
karnataka,2023-04-01,9821492.0
karnataka,2023-05-01,10261058.0
karnataka,2023-06-01,10354758.0
karnataka,2023-07-01,10570290.0
karnataka,2023-08-01,11209579.0
karnataka,2023-09-01,10610938.0
karnataka,2023-10-01,11731908.0
karnataka,2023-11-01,10659680.0
karnataka,2023-12-01,11461967.0
karnataka,2024-01-01,11636637.0
karnataka,2024-02-01,11423077.0
karnataka,2024-03-01,12276074.0
karnataka,2024-04-01,10867577.0
karnataka,2024-05-01,11875715.0
karnataka,2024-06-01,11574812.0
karnataka,2024-07-01,12501422.0
karnataka,2024-08-01,12881553.0
karnataka,2024-09-01,12794663.0
karnataka,2024-10-01,13508633.0
karnataka,2024-11-01,12187656.0
karnataka,2024-12-01,13158856.0
karnataka,2025-01-01,13867463.0
karnataka,2025-02-01,12937214.0
karnataka,2025-03-01,14469673.0
karnataka,2025-04-01,13528681.0
karnataka,2025-05-01,14294009.0
karnataka,2025-06-01,14589192.0
karnataka,2025-07-01,16357245.0
karnataka,2025-08-01,15875455.0
karnataka,2025-09-01,16372839.0
karnataka,2025-10-01,15705090.0
karnataka,2025-11-01,15491750.0
karnataka,2025-12-01,16666636.0
karnataka,2026-01-01,16347946.0
karnataka,2026-02-01,15642741.0
karnataka,2026-03-01,16804815.0
karnataka,2026-04-01,16210611.0
karnataka,2026-05-01,16762927.0
karnataka,2026-06-01,17223896.0
karnataka,2026-07-01,18191370.0
kerala,2018-07-01,1671521.0
kerala,2018-08-01,1520508.0
kerala,2018-09-01,1654829.0
kerala,2018-10-01,1708187.0
kerala,2018-11-01,1676201.0
kerala,2018-12-01,1826616.0
kerala,2019-01-01,1830725.0
kerala,2019-02-01,1718996.0
kerala,2019-03-01,2001776.0
kerala,2019-04-01,1801102.0
kerala,2019-05-01,2044901.0
kerala,2019-06-01,1770587.0
kerala,2019-07-01,1974314.0
kerala,2019-08-01,1985678.0
kerala,2019-09-01,1683051.0
kerala,2019-10-01,1784130.0
kerala,2019-11-01,1898090.0
kerala,2019-12-01,2025035.0
kerala,2020-01-01,2055132.0
kerala,2020-02-01,1949269.0
kerala,2020-03-01,1872280.8
kerala,2020-04-01,1795292.6
kerala,2020-05-01,1718304.4
kerala,2020-06-01,1641316.2
kerala,2020-07-01,1564328.0
kerala,2020-08-01,1697133.0
kerala,2020-09-01,1766295.0
kerala,2020-10-01,1890162.0
kerala,2020-11-01,1950862.0
kerala,2020-12-01,2185725.0
kerala,2021-01-01,2235996.0
kerala,2021-02-01,2158758.0
kerala,2021-03-01,2478649.0
kerala,2021-04-01,2089321.0
kerala,2021-05-01,826858.0
kerala,2021-06-01,1532217.0
kerala,2021-07-01,2021923.0
kerala,2021-08-01,2318688.0
kerala,2021-09-01,2241154.0
kerala,2021-10-01,252318.0
kerala,2021-11-01,2321266.0
kerala,2021-12-01,2629857.0
kerala,2022-01-01,2460307.0
kerala,2022-02-01,2375459.0
kerala,2022-03-01,2742573.0
kerala,2022-04-01,2665875.0
kerala,2022-05-01,2614771.0
kerala,2022-06-01,2698556.0
kerala,2022-07-01,2675835.0
kerala,2022-08-01,3043664.0
kerala,2022-09-01,2530586.0
kerala,2022-10-01,2585649.0
kerala,2022-11-01,2732090.0
kerala,2022-12-01,2886896.0
kerala,2023-01-01,2788721.0
kerala,2023-02-01,2650933.0
kerala,2023-03-01,3161281.0
kerala,2023-04-01,2623509.0
kerala,2023-05-01,3015529.0
kerala,2023-06-01,2852805.0
kerala,2023-07-01,2935478.0
kerala,2023-08-01,3213543.0
kerala,2023-09-01,2808807.0
kerala,2023-10-01,2783768.0
kerala,2023-11-01,2814925.0
kerala,2023-12-01,3005514.0
kerala,2024-01-01,3052702.0
kerala,2024-02-01,2987680.0
kerala,2024-03-01,3187188.0
kerala,2024-04-01,2873873.0
kerala,2024-05-01,3180785.0
kerala,2024-06-01,2889592.0
kerala,2024-07-01,3069260.0
kerala,2024-08-01,3505984.0
kerala,2024-09-01,3071840.0
kerala,2024-10-01,3073720.0
kerala,2024-11-01,3041084.0
kerala,2024-12-01,3175152.0
kerala,2025-01-01,3462639.0
kerala,2025-02-01,3201553.0
kerala,2025-03-01,3549724.0
kerala,2025-04-01,3286747.0
kerala,2025-05-01,3555324.0
kerala,2025-06-01,3299059.0
kerala,2025-07-01,3687292.0
kerala,2025-08-01,4133993.0
kerala,2025-09-01,3473409.0
kerala,2025-10-01,3673246.0
kerala,2025-11-01,3751827.0
kerala,2025-12-01,3956650.0
kerala,2026-01-01,4088862.0
kerala,2026-02-01,3792204.0
kerala,2026-03-01,4092798.0
kerala,2026-04-01,3741676.0
kerala,2026-05-01,4014647.0
kerala,2026-06-01,4086610.0
kerala,2026-07-01,4554792.0
ladakh,2020-01-01,141.0
ladakh,2020-02-01,319.0
ladakh,2020-03-01,1853.2
ladakh,2020-04-01,3387.4
ladakh,2020-05-01,4921.6
ladakh,2020-06-01,6455.8
ladakh,2020-07-01,7990.0
ladakh,2020-08-01,7598.0
ladakh,2020-09-01,11627.0
ladakh,2020-10-01,11849.0
ladakh,2020-11-01,5246.0
ladakh,2020-12-01,1559.0
ladakh,2021-01-01,1062.0
ladakh,2021-02-01,915.0
ladakh,2021-03-01,2207.0
ladakh,2021-04-01,4637.0
ladakh,2021-05-01,8392.0
ladakh,2021-06-01,12041.0
ladakh,2021-07-01,14205.0
ladakh,2021-08-01,14776.0
ladakh,2021-09-01,15443.0
ladakh,2021-10-01,14448.0
ladakh,2021-11-01,9262.0
ladakh,2021-12-01,3084.0
ladakh,2022-01-01,1170.0
ladakh,2022-02-01,1263.0
ladakh,2022-03-01,3273.0
ladakh,2022-04-01,13973.0
ladakh,2022-05-01,21166.0
ladakh,2022-06-01,21695.0
ladakh,2022-07-01,20526.0
ladakh,2022-08-01,20039.0
ladakh,2022-09-01,19525.0
ladakh,2022-10-01,19612.0
ladakh,2022-11-01,11874.0
ladakh,2022-12-01,5035.0
ladakh,2023-01-01,2039.0
ladakh,2023-02-01,1884.0
ladakh,2023-03-01,4547.0
ladakh,2023-04-01,11954.0
ladakh,2023-05-01,25954.0
ladakh,2023-06-01,26019.0
ladakh,2023-07-01,23737.0
ladakh,2023-08-01,25694.0
ladakh,2023-09-01,28330.0
ladakh,2023-10-01,24927.0
ladakh,2023-11-01,15093.0
ladakh,2023-12-01,7812.0
ladakh,2024-01-01,3764.0
ladakh,2024-02-01,2727.0
ladakh,2024-03-01,4465.0
ladakh,2024-04-01,8559.0
ladakh,2024-05-01,27802.0
ladakh,2024-06-01,30214.0
ladakh,2024-07-01,29788.0
ladakh,2024-08-01,30150.0
ladakh,2024-09-01,29534.0
ladakh,2024-10-01,28812.0
ladakh,2024-11-01,18645.0
ladakh,2024-12-01,9478.0
ladakh,2025-01-01,4216.0
ladakh,2025-02-01,3569.0
ladakh,2025-03-01,4323.0
ladakh,2025-04-01,13869.0
ladakh,2025-05-01,25591.0
ladakh,2025-06-01,28637.0
ladakh,2025-07-01,29653.0
ladakh,2025-08-01,24104.0
ladakh,2025-09-01,22486.0
ladakh,2025-10-01,27387.0
ladakh,2025-11-01,18438.0
ladakh,2025-12-01,9972.0
ladakh,2026-01-01,4260.0
ladakh,2026-02-01,3928.0
ladakh,2026-03-01,7874.0
ladakh,2026-04-01,18146.0
ladakh,2026-05-01,25515.0
ladakh,2026-06-01,31173.0
ladakh,2026-07-01,31226.0
lakshadweep,2018-07-01,308.0
lakshadweep,2018-08-01,255.0
lakshadweep,2018-09-01,298.0
lakshadweep,2018-10-01,752.0
lakshadweep,2018-11-01,381.0
lakshadweep,2018-12-01,249.0
lakshadweep,2019-01-01,312.0
lakshadweep,2019-02-01,316.0
lakshadweep,2019-03-01,476.0
lakshadweep,2019-04-01,346.0
lakshadweep,2019-05-01,365.0
lakshadweep,2019-06-01,174.0
lakshadweep,2019-07-01,189.0
lakshadweep,2019-08-01,169.0
lakshadweep,2019-09-01,262.0
lakshadweep,2019-10-01,336.0
lakshadweep,2019-11-01,388.0
lakshadweep,2019-12-01,374.0
lakshadweep,2020-01-01,480.0
lakshadweep,2020-02-01,444.0
lakshadweep,2020-03-01,435.2
lakshadweep,2020-04-01,426.4
lakshadweep,2020-05-01,417.6
lakshadweep,2020-06-01,408.8
lakshadweep,2020-07-01,400.0
lakshadweep,2020-08-01,205.0
lakshadweep,2020-09-01,480.0
lakshadweep,2020-10-01,345.0
lakshadweep,2020-11-01,335.0
lakshadweep,2020-12-01,374.0
lakshadweep,2021-01-01,425.0
lakshadweep,2021-02-01,527.0
lakshadweep,2021-03-01,661.0
lakshadweep,2021-04-01,475.0
lakshadweep,2021-05-01,160.0
lakshadweep,2021-06-01,223.0
lakshadweep,2021-07-01,349.0
lakshadweep,2021-08-01,228.0
lakshadweep,2021-09-01,313.0
lakshadweep,2021-10-01,78.0
lakshadweep,2021-11-01,410.0
lakshadweep,2021-12-01,518.0
lakshadweep,2022-01-01,430.0
lakshadweep,2022-02-01,350.0
lakshadweep,2022-03-01,607.0
lakshadweep,2022-04-01,514.0
lakshadweep,2022-05-01,333.0
lakshadweep,2022-06-01,423.0
lakshadweep,2022-07-01,273.0
lakshadweep,2022-08-01,273.0
lakshadweep,2022-09-01,270.0
lakshadweep,2022-10-01,377.0
lakshadweep,2022-11-01,387.0
lakshadweep,2022-12-01,418.0
lakshadweep,2023-01-01,363.0
lakshadweep,2023-02-01,365.0
lakshadweep,2023-03-01,597.0
lakshadweep,2023-04-01,411.0
lakshadweep,2023-05-01,419.0
lakshadweep,2023-06-01,282.0
lakshadweep,2023-07-01,279.0
lakshadweep,2023-08-01,246.0
lakshadweep,2023-09-01,340.0
lakshadweep,2023-10-01,392.0
lakshadweep,2023-11-01,452.0
lakshadweep,2023-12-01,447.0
lakshadweep,2024-01-01,520.0
lakshadweep,2024-02-01,492.0
lakshadweep,2024-03-01,721.0
lakshadweep,2024-04-01,531.0
lakshadweep,2024-05-01,720.0
lakshadweep,2024-06-01,288.0
lakshadweep,2024-07-01,363.0
lakshadweep,2024-08-01,538.0
lakshadweep,2024-09-01,476.0
lakshadweep,2024-10-01,666.0
lakshadweep,2024-11-01,627.0
lakshadweep,2024-12-01,710.0
lakshadweep,2025-01-01,705.0
lakshadweep,2025-02-01,814.0
lakshadweep,2025-03-01,908.0
lakshadweep,2025-04-01,871.0
lakshadweep,2025-05-01,647.0
lakshadweep,2025-06-01,341.0
lakshadweep,2025-07-01,378.0
lakshadweep,2025-08-01,552.0
lakshadweep,2025-09-01,562.0
lakshadweep,2025-10-01,654.0
lakshadweep,2025-11-01,738.0
lakshadweep,2025-12-01,791.0
lakshadweep,2026-01-01,763.0
lakshadweep,2026-02-01,916.0
lakshadweep,2026-03-01,883.0
lakshadweep,2026-04-01,833.0
lakshadweep,2026-05-01,705.0
lakshadweep,2026-06-01,448.0
lakshadweep,2026-07-01,565.0
madhya pradesh,2018-07-01,1193146.0
madhya pradesh,2018-08-01,1416955.0
madhya pradesh,2018-09-01,1378685.0
madhya pradesh,2018-10-01,1641360.0
madhya pradesh,2018-11-01,1255209.0
madhya pradesh,2018-12-01,1438060.0
madhya pradesh,2019-01-01,1472658.0
madhya pradesh,2019-02-01,1416466.0
madhya pradesh,2019-03-01,1559989.0
madhya pradesh,2019-04-01,1530917.0
madhya pradesh,2019-05-01,1472087.0
madhya pradesh,2019-06-01,1337554.0
madhya pradesh,2019-07-01,1383991.0
madhya pradesh,2019-08-01,1277928.0
madhya pradesh,2019-09-01,1337645.0
madhya pradesh,2019-10-01,1482278.0
madhya pradesh,2019-11-01,1512513.0
madhya pradesh,2019-12-01,1561030.0
madhya pradesh,2020-01-01,1633779.0
madhya pradesh,2020-02-01,1641577.0
madhya pradesh,2020-03-01,1601473.0
madhya pradesh,2020-04-01,1561369.0
madhya pradesh,2020-05-01,1521265.0
madhya pradesh,2020-06-01,1481161.0
madhya pradesh,2020-07-01,1441057.0
madhya pradesh,2020-08-01,1336468.0
madhya pradesh,2020-09-01,1571289.0
madhya pradesh,2020-10-01,1908412.0
madhya pradesh,2020-11-01,1665607.0
madhya pradesh,2020-12-01,1810394.0
madhya pradesh,2021-01-01,1833699.0
madhya pradesh,2021-02-01,1888396.0
madhya pradesh,2021-03-01,2119728.0
madhya pradesh,2021-04-01,1395211.0
madhya pradesh,2021-05-01,997814.0
madhya pradesh,2021-06-01,1559597.0
madhya pradesh,2021-07-01,1807528.0
madhya pradesh,2021-08-01,1768917.0
madhya pradesh,2021-09-01,1821300.0
madhya pradesh,2021-10-01,474666.0
madhya pradesh,2021-11-01,1677581.0
madhya pradesh,2021-12-01,2175152.0
madhya pradesh,2022-01-01,2146514.0
madhya pradesh,2022-02-01,2192484.0
madhya pradesh,2022-03-01,2511628.0
madhya pradesh,2022-04-01,2426083.0
madhya pradesh,2022-05-01,2251093.0
madhya pradesh,2022-06-01,2295868.0
madhya pradesh,2022-07-01,2326564.0
madhya pradesh,2022-08-01,2228102.0
madhya pradesh,2022-09-01,2505305.0
madhya pradesh,2022-10-01,2331729.0
madhya pradesh,2022-11-01,2536825.0
madhya pradesh,2022-12-01,2589978.0
madhya pradesh,2023-01-01,2566458.0
madhya pradesh,2023-02-01,2552881.0
madhya pradesh,2023-03-01,2797287.0
madhya pradesh,2023-04-01,2656093.0
madhya pradesh,2023-05-01,2705137.0
madhya pradesh,2023-06-01,2635288.0
madhya pradesh,2023-07-01,2648451.0
madhya pradesh,2023-08-01,2712459.0
madhya pradesh,2023-09-01,2605618.0
madhya pradesh,2023-10-01,3118782.0
madhya pradesh,2023-11-01,2555615.0
madhya pradesh,2023-12-01,2843404.0
madhya pradesh,2024-01-01,2830498.0
madhya pradesh,2024-02-01,2881903.0
madhya pradesh,2024-03-01,3018176.0
madhya pradesh,2024-04-01,2862620.0
madhya pradesh,2024-05-01,3026936.0
madhya pradesh,2024-06-01,3011132.0
madhya pradesh,2024-07-01,3039573.0
madhya pradesh,2024-08-01,2855639.0
madhya pradesh,2024-09-01,3087808.0
madhya pradesh,2024-10-01,3439978.0
madhya pradesh,2024-11-01,2918820.0
madhya pradesh,2024-12-01,3227833.0
madhya pradesh,2025-01-01,3454374.0
madhya pradesh,2025-02-01,3190715.0
madhya pradesh,2025-03-01,3564437.0
madhya pradesh,2025-04-01,3408536.0
madhya pradesh,2025-05-01,3477724.0
madhya pradesh,2025-06-01,3389274.0
madhya pradesh,2025-07-01,3659543.0
madhya pradesh,2025-08-01,3419097.0
madhya pradesh,2025-09-01,3841659.0
madhya pradesh,2025-10-01,3668135.0
madhya pradesh,2025-11-01,3928153.0
madhya pradesh,2025-12-01,4088794.0
madhya pradesh,2026-01-01,4142714.0
madhya pradesh,2026-02-01,4023857.0
madhya pradesh,2026-03-01,4263963.0
madhya pradesh,2026-04-01,3868742.0
madhya pradesh,2026-05-01,3904409.0
madhya pradesh,2026-06-01,3968878.0
madhya pradesh,2026-07-01,4046168.0
maharashtra,2018-07-01,8703615.0
maharashtra,2018-08-01,10012624.0
maharashtra,2018-09-01,9497177.0
maharashtra,2018-10-01,10509780.0
maharashtra,2018-11-01,8287454.0
maharashtra,2018-12-01,9417623.0
maharashtra,2019-01-01,9803271.0
maharashtra,2019-02-01,9529317.0
maharashtra,2019-03-01,10522685.0
maharashtra,2019-04-01,9756791.0
maharashtra,2019-05-01,10085797.0
maharashtra,2019-06-01,9250788.0
maharashtra,2019-07-01,9730427.0
maharashtra,2019-08-01,9703687.0
maharashtra,2019-09-01,9927219.0
maharashtra,2019-10-01,10003438.0
maharashtra,2019-11-01,10009552.0
maharashtra,2019-12-01,10670192.0
maharashtra,2020-01-01,11168202.0
maharashtra,2020-02-01,10994369.0
maharashtra,2020-03-01,10388094.6
maharashtra,2020-04-01,9781820.2
maharashtra,2020-05-01,9175545.8
maharashtra,2020-06-01,8569271.4
maharashtra,2020-07-01,7962997.0
maharashtra,2020-08-01,8786349.0
maharashtra,2020-09-01,10315594.0
maharashtra,2020-10-01,11762155.0
maharashtra,2020-11-01,10684536.0
maharashtra,2020-12-01,12182648.0
maharashtra,2021-01-01,12057573.0
maharashtra,2021-02-01,11907394.0
maharashtra,2021-03-01,13092559.0
maharashtra,2021-04-01,10102600.0
maharashtra,2021-05-01,8084406.0
maharashtra,2021-06-01,10453658.0
maharashtra,2021-07-01,11931695.0
maharashtra,2021-08-01,12643133.0
maharashtra,2021-09-01,13032043.0
maharashtra,2021-10-01,1625797.0
maharashtra,2021-11-01,11666687.0
maharashtra,2021-12-01,13898470.0
maharashtra,2022-01-01,13559559.0
maharashtra,2022-02-01,13284619.0
maharashtra,2022-03-01,14923665.0
maharashtra,2022-04-01,14296698.0
maharashtra,2022-05-01,14344232.0
maharashtra,2022-06-01,14689351.0
maharashtra,2022-07-01,14869024.0
maharashtra,2022-08-01,15455870.0
maharashtra,2022-09-01,16515297.0
maharashtra,2022-10-01,15081665.0
maharashtra,2022-11-01,15532271.0
maharashtra,2022-12-01,16101048.0
maharashtra,2023-01-01,16085036.0
maharashtra,2023-02-01,15532500.0
maharashtra,2023-03-01,17338314.0
maharashtra,2023-04-01,16060937.0
maharashtra,2023-05-01,16468172.0
maharashtra,2023-06-01,16499356.0
maharashtra,2023-07-01,16936359.0
maharashtra,2023-08-01,17852906.0
maharashtra,2023-09-01,17205183.0
maharashtra,2023-10-01,19606407.0
maharashtra,2023-11-01,16332056.0
maharashtra,2023-12-01,18182928.0
maharashtra,2024-01-01,18270785.0
maharashtra,2024-02-01,18149368.0
maharashtra,2024-03-01,19174202.0
maharashtra,2024-04-01,17874129.0
maharashtra,2024-05-01,18949255.0
maharashtra,2024-06-01,18704199.0
maharashtra,2024-07-01,19529385.0
maharashtra,2024-08-01,20187358.0
maharashtra,2024-09-01,20343444.0
maharashtra,2024-10-01,22499221.0
maharashtra,2024-11-01,18475305.0
maharashtra,2024-12-01,20937637.0
maharashtra,2025-01-01,21972056.0
maharashtra,2025-02-01,20382588.0
maharashtra,2025-03-01,22747894.0
maharashtra,2025-04-01,21783106.0
maharashtra,2025-05-01,22186473.0
maharashtra,2025-06-01,22028441.0
maharashtra,2025-07-01,24439045.0
maharashtra,2025-08-01,24432331.0
maharashtra,2025-09-01,25385363.0
maharashtra,2025-10-01,24375117.0
maharashtra,2025-11-01,25038409.0
maharashtra,2025-12-01,26583051.0
maharashtra,2026-01-01,26470349.0
maharashtra,2026-02-01,25151463.0
maharashtra,2026-03-01,27217002.0
maharashtra,2026-04-01,25737818.0
maharashtra,2026-05-01,25950411.0
maharashtra,2026-06-01,26945871.0
maharashtra,2026-07-01,26940962.0
manipur,2018-07-01,18788.0
manipur,2018-08-01,25650.0
manipur,2018-09-01,25487.0
manipur,2018-10-01,30942.0
manipur,2018-11-01,26328.0
manipur,2018-12-01,27039.0
manipur,2019-01-01,26005.0
manipur,2019-02-01,25399.0
manipur,2019-03-01,29232.0
manipur,2019-04-01,28229.0
manipur,2019-05-01,34110.0
manipur,2019-06-01,36185.0
manipur,2019-07-01,39605.0
manipur,2019-08-01,37424.0
manipur,2019-09-01,40213.0
manipur,2019-10-01,39615.0
manipur,2019-11-01,41368.0
manipur,2019-12-01,36425.0
manipur,2020-01-01,38205.0
manipur,2020-02-01,43636.0
manipur,2020-03-01,42575.4
manipur,2020-04-01,41514.8
manipur,2020-05-01,40454.2
manipur,2020-06-01,39393.6
manipur,2020-07-01,38333.0
manipur,2020-08-01,33439.0
manipur,2020-09-01,45162.0
manipur,2020-10-01,55764.0
manipur,2020-11-01,44719.0
manipur,2020-12-01,56964.0
manipur,2021-01-01,48468.0
manipur,2021-02-01,50675.0
manipur,2021-03-01,50388.0
manipur,2021-04-01,44787.0
manipur,2021-05-01,25905.0
manipur,2021-06-01,33855.0
manipur,2021-07-01,35531.0
manipur,2021-08-01,42136.0
manipur,2021-09-01,49201.0
manipur,2021-10-01,49128.0
manipur,2021-11-01,46264.0
manipur,2021-12-01,54338.0
manipur,2022-01-01,45016.0
manipur,2022-02-01,44595.0
manipur,2022-03-01,47749.0
manipur,2022-04-01,50188.0
manipur,2022-05-01,46779.0
manipur,2022-06-01,47833.0
manipur,2022-07-01,51422.0
manipur,2022-08-01,53018.0
manipur,2022-09-01,54547.0
manipur,2022-10-01,49599.0
manipur,2022-11-01,53989.0
manipur,2022-12-01,56465.0
manipur,2023-01-01,48149.0
manipur,2023-02-01,51683.0
manipur,2023-03-01,55092.0
manipur,2023-04-01,51241.0
manipur,2023-05-01,18454.0
manipur,2023-06-01,20472.0
manipur,2023-07-01,25144.0
manipur,2023-08-01,31149.0
manipur,2023-09-01,34156.0
manipur,2023-10-01,42743.0
manipur,2023-11-01,41776.0
manipur,2023-12-01,52795.0
manipur,2024-01-01,45855.0
manipur,2024-02-01,48335.0
manipur,2024-03-01,48855.0
manipur,2024-04-01,40848.0
manipur,2024-05-01,42888.0
manipur,2024-06-01,37849.0
manipur,2024-07-01,42485.0
manipur,2024-08-01,39957.0
manipur,2024-09-01,40540.0
manipur,2024-10-01,50089.0
manipur,2024-11-01,38965.0
manipur,2024-12-01,50102.0
manipur,2025-01-01,51798.0
manipur,2025-02-01,47072.0
manipur,2025-03-01,51938.0
manipur,2025-04-01,50985.0
manipur,2025-05-01,51349.0
manipur,2025-06-01,41923.0
manipur,2025-07-01,52313.0
manipur,2025-08-01,54555.0
manipur,2025-09-01,56958.0
manipur,2025-10-01,59764.0
manipur,2025-11-01,57563.0
manipur,2025-12-01,62994.0
manipur,2026-01-01,58512.0
manipur,2026-02-01,59822.0
manipur,2026-03-01,61431.0
manipur,2026-04-01,46336.0
manipur,2026-05-01,49251.0
manipur,2026-06-01,50299.0
manipur,2026-07-01,47876.0
meghalaya,2018-07-01,58197.0
meghalaya,2018-08-01,64169.0
meghalaya,2018-09-01,61676.0
meghalaya,2018-10-01,66170.0
meghalaya,2018-11-01,69274.0
meghalaya,2018-12-01,64111.0
meghalaya,2019-01-01,72304.0
meghalaya,2019-02-01,70953.0
meghalaya,2019-03-01,80800.0
meghalaya,2019-04-01,71743.0
meghalaya,2019-05-01,74579.0
meghalaya,2019-06-01,66186.0
meghalaya,2019-07-01,63565.0
meghalaya,2019-08-01,73183.0
meghalaya,2019-09-01,75883.0
meghalaya,2019-10-01,72206.0
meghalaya,2019-11-01,79961.0
meghalaya,2019-12-01,71808.0
meghalaya,2020-01-01,83682.0
meghalaya,2020-02-01,84936.0
meghalaya,2020-03-01,78792.6
meghalaya,2020-04-01,72649.2
meghalaya,2020-05-01,66505.8
meghalaya,2020-06-01,60362.4
meghalaya,2020-07-01,54219.0
meghalaya,2020-08-01,67547.0
meghalaya,2020-09-01,71640.0
meghalaya,2020-10-01,82376.0
meghalaya,2020-11-01,72109.0
meghalaya,2020-12-01,84224.0
meghalaya,2021-01-01,87297.0
meghalaya,2021-02-01,86444.0
meghalaya,2021-03-01,102285.0
meghalaya,2021-04-01,88827.0
meghalaya,2021-05-01,49833.0
meghalaya,2021-06-01,57408.0
meghalaya,2021-07-01,69156.0
meghalaya,2021-08-01,69100.0
meghalaya,2021-09-01,82454.0
meghalaya,2021-10-01,82641.0
meghalaya,2021-11-01,90992.0
meghalaya,2021-12-01,98387.0
meghalaya,2022-01-01,114846.0
meghalaya,2022-02-01,108581.0
meghalaya,2022-03-01,117043.0
meghalaya,2022-04-01,102651.0
meghalaya,2022-05-01,98222.0
meghalaya,2022-06-01,84717.0
meghalaya,2022-07-01,92899.0
meghalaya,2022-08-01,101789.0
meghalaya,2022-09-01,101005.0
meghalaya,2022-10-01,91865.0
meghalaya,2022-11-01,100983.0
meghalaya,2022-12-01,113845.0
meghalaya,2023-01-01,112890.0
meghalaya,2023-02-01,105064.0
meghalaya,2023-03-01,122041.0
meghalaya,2023-04-01,113258.0
meghalaya,2023-05-01,120194.0
meghalaya,2023-06-01,90931.0
meghalaya,2023-07-01,89175.0
meghalaya,2023-08-01,95961.0
meghalaya,2023-09-01,96615.0
meghalaya,2023-10-01,99459.0
meghalaya,2023-11-01,108521.0
meghalaya,2023-12-01,116629.0
meghalaya,2024-01-01,108021.0
meghalaya,2024-02-01,125729.0
meghalaya,2024-03-01,130949.0
meghalaya,2024-04-01,110722.0
meghalaya,2024-05-01,108910.0
meghalaya,2024-06-01,92288.0
meghalaya,2024-07-01,93031.0
meghalaya,2024-08-01,95806.0
meghalaya,2024-09-01,101778.0
meghalaya,2024-10-01,104498.0
meghalaya,2024-11-01,111446.0
meghalaya,2024-12-01,120267.0
meghalaya,2025-01-01,122464.0
meghalaya,2025-02-01,114370.0
meghalaya,2025-03-01,131627.0
meghalaya,2025-04-01,115865.0
meghalaya,2025-05-01,116693.0
meghalaya,2025-06-01,102018.0
meghalaya,2025-07-01,119187.0
meghalaya,2025-08-01,121685.0
meghalaya,2025-09-01,118349.0
meghalaya,2025-10-01,123988.0
meghalaya,2025-11-01,129112.0
meghalaya,2025-12-01,138290.0
meghalaya,2026-01-01,131433.0
meghalaya,2026-02-01,133120.0
meghalaya,2026-03-01,141282.0
meghalaya,2026-04-01,121214.0
meghalaya,2026-05-01,126442.0
meghalaya,2026-06-01,120709.0
meghalaya,2026-07-01,116434.0
mizoram,2018-07-01,12725.0
mizoram,2018-08-01,13240.0
mizoram,2018-09-01,14147.0
mizoram,2018-10-01,15805.0
mizoram,2018-11-01,16604.0
mizoram,2018-12-01,15002.0
mizoram,2019-01-01,16398.0
mizoram,2019-02-01,20496.0
mizoram,2019-03-01,24497.0
mizoram,2019-04-01,23492.0
mizoram,2019-05-01,26452.0
mizoram,2019-06-01,25219.0
mizoram,2019-07-01,24282.0
mizoram,2019-08-01,25360.0
mizoram,2019-09-01,25877.0
mizoram,2019-10-01,26965.0
mizoram,2019-11-01,28082.0
mizoram,2019-12-01,26195.0
mizoram,2020-01-01,25965.0
mizoram,2020-02-01,28635.0
mizoram,2020-03-01,27871.0
mizoram,2020-04-01,27107.0
mizoram,2020-05-01,26343.0
mizoram,2020-06-01,25579.0
mizoram,2020-07-01,24815.0
mizoram,2020-08-01,23148.0
mizoram,2020-09-01,27931.0
mizoram,2020-10-01,25392.0
mizoram,2020-11-01,30829.0
mizoram,2020-12-01,36018.0
mizoram,2021-01-01,32552.0
mizoram,2021-02-01,32781.0
mizoram,2021-03-01,32632.0
mizoram,2021-04-01,29145.0
mizoram,2021-05-01,16151.0
mizoram,2021-06-01,22723.0
mizoram,2021-07-01,22875.0
mizoram,2021-08-01,26195.0
mizoram,2021-09-01,29163.0
mizoram,2021-10-01,29386.0
mizoram,2021-11-01,34462.0
mizoram,2021-12-01,35850.0
mizoram,2022-01-01,31857.0
mizoram,2022-02-01,32539.0
mizoram,2022-03-01,35593.0
mizoram,2022-04-01,31200.0
mizoram,2022-05-01,31098.0
mizoram,2022-06-01,26386.0
mizoram,2022-07-01,34018.0
mizoram,2022-08-01,34259.0
mizoram,2022-09-01,33045.0
mizoram,2022-10-01,35124.0
mizoram,2022-11-01,36082.0
mizoram,2022-12-01,36589.0
mizoram,2023-01-01,33104.0
mizoram,2023-02-01,34456.0
mizoram,2023-03-01,36789.0
mizoram,2023-04-01,31520.0
mizoram,2023-05-01,35541.0
mizoram,2023-06-01,36203.0
mizoram,2023-07-01,31141.0
mizoram,2023-08-01,35231.0
mizoram,2023-09-01,34286.0
mizoram,2023-10-01,35517.0
mizoram,2023-11-01,40059.0
mizoram,2023-12-01,35615.0
mizoram,2024-01-01,33780.0
mizoram,2024-02-01,38640.0
mizoram,2024-03-01,36597.0
mizoram,2024-04-01,31693.0
mizoram,2024-05-01,33440.0
mizoram,2024-06-01,30402.0
mizoram,2024-07-01,31284.0
mizoram,2024-08-01,31867.0
mizoram,2024-09-01,28688.0
mizoram,2024-10-01,34019.0
mizoram,2024-11-01,39133.0
mizoram,2024-12-01,35306.0
mizoram,2025-01-01,38201.0
mizoram,2025-02-01,35507.0
mizoram,2025-03-01,38900.0
mizoram,2025-04-01,36122.0
mizoram,2025-05-01,39153.0
mizoram,2025-06-01,35028.0
mizoram,2025-07-01,34153.0
mizoram,2025-08-01,44858.0
mizoram,2025-09-01,45598.0
mizoram,2025-10-01,46985.0
mizoram,2025-11-01,46362.0
mizoram,2025-12-01,42674.0
mizoram,2026-01-01,37052.0
mizoram,2026-02-01,39586.0
mizoram,2026-03-01,39997.0
mizoram,2026-04-01,35623.0
mizoram,2026-05-01,38233.0
mizoram,2026-06-01,37757.0
mizoram,2026-07-01,36843.0
nagaland,2018-07-01,19625.0
nagaland,2018-08-01,21628.0
nagaland,2018-09-01,21921.0
nagaland,2018-10-01,24631.0
nagaland,2018-11-01,26264.0
nagaland,2018-12-01,24446.0
nagaland,2019-01-01,25066.0
nagaland,2019-02-01,25824.0
nagaland,2019-03-01,26916.0
nagaland,2019-04-01,24292.0
nagaland,2019-05-01,25979.0
nagaland,2019-06-01,23735.0
nagaland,2019-07-01,24151.0
nagaland,2019-08-01,24514.0
nagaland,2019-09-01,25141.0
nagaland,2019-10-01,23209.0
nagaland,2019-11-01,26745.0
nagaland,2019-12-01,22875.0
nagaland,2020-01-01,26442.0
nagaland,2020-02-01,28866.0
nagaland,2020-03-01,27657.6
nagaland,2020-04-01,26449.2
nagaland,2020-05-01,25240.8
nagaland,2020-06-01,24032.4
nagaland,2020-07-01,22824.0
nagaland,2020-08-01,22846.0
nagaland,2020-09-01,30913.0
nagaland,2020-10-01,37311.0
nagaland,2020-11-01,36118.0
nagaland,2020-12-01,36638.0
nagaland,2021-01-01,33301.0
nagaland,2021-02-01,33784.0
nagaland,2021-03-01,36293.0
nagaland,2021-04-01,34097.0
nagaland,2021-05-01,19988.0
nagaland,2021-06-01,27130.0
nagaland,2021-07-01,36673.0
nagaland,2021-08-01,39015.0
nagaland,2021-09-01,38126.0
nagaland,2021-10-01,36985.0
nagaland,2021-11-01,37673.0
nagaland,2021-12-01,37851.0
nagaland,2022-01-01,37154.0
nagaland,2022-02-01,41783.0
nagaland,2022-03-01,47019.0
nagaland,2022-04-01,44364.0
nagaland,2022-05-01,41865.0
nagaland,2022-06-01,42150.0
nagaland,2022-07-01,44352.0
nagaland,2022-08-01,46293.0
nagaland,2022-09-01,46011.0
nagaland,2022-10-01,41080.0
nagaland,2022-11-01,48010.0
nagaland,2022-12-01,47778.0
nagaland,2023-01-01,45854.0
nagaland,2023-02-01,46496.0
nagaland,2023-03-01,55521.0
nagaland,2023-04-01,47900.0
nagaland,2023-05-01,48245.0
nagaland,2023-06-01,45221.0
nagaland,2023-07-01,42853.0
nagaland,2023-08-01,47544.0
nagaland,2023-09-01,49158.0
nagaland,2023-10-01,48793.0
nagaland,2023-11-01,51054.0
nagaland,2023-12-01,48160.0
nagaland,2024-01-01,44610.0
nagaland,2024-02-01,50296.0
nagaland,2024-03-01,48845.0
nagaland,2024-04-01,40362.0
nagaland,2024-05-01,46738.0
nagaland,2024-06-01,41628.0
nagaland,2024-07-01,40627.0
nagaland,2024-08-01,42259.0
nagaland,2024-09-01,42971.0
nagaland,2024-10-01,44484.0
nagaland,2024-11-01,45311.0
nagaland,2024-12-01,44118.0
nagaland,2025-01-01,42409.0
nagaland,2025-02-01,42910.0
nagaland,2025-03-01,47555.0
nagaland,2025-04-01,45012.0
nagaland,2025-05-01,44755.0
nagaland,2025-06-01,43217.0
nagaland,2025-07-01,45909.0
nagaland,2025-08-01,47646.0
nagaland,2025-09-01,47509.0
nagaland,2025-10-01,48895.0
nagaland,2025-11-01,49699.0
nagaland,2025-12-01,48808.0
nagaland,2026-01-01,46314.0
nagaland,2026-02-01,49583.0
nagaland,2026-03-01,54153.0
nagaland,2026-04-01,46524.0
nagaland,2026-05-01,50687.0
nagaland,2026-06-01,49496.0
nagaland,2026-07-01,54237.0
odisha,2018-07-01,981803.0
odisha,2018-08-01,1079551.0
odisha,2018-09-01,1088511.0
odisha,2018-10-01,1129725.0
odisha,2018-11-01,1085409.0
odisha,2018-12-01,1141589.0
odisha,2019-01-01,1167956.0
odisha,2019-02-01,1194512.0
odisha,2019-03-01,1313058.0
odisha,2019-04-01,1186621.0
odisha,2019-05-01,1137091.0
odisha,2019-06-01,1139531.0
odisha,2019-07-01,1150560.0
odisha,2019-08-01,1101111.0
odisha,2019-09-01,1097914.0
odisha,2019-10-01,1116416.0
odisha,2019-11-01,1195013.0
odisha,2019-12-01,1287077.0
odisha,2020-01-01,1326127.0
odisha,2020-02-01,1304585.0
odisha,2020-03-01,1267215.6
odisha,2020-04-01,1229846.2
odisha,2020-05-01,1192476.8
odisha,2020-06-01,1155107.4
odisha,2020-07-01,1117738.0
odisha,2020-08-01,1078577.0
odisha,2020-09-01,1249290.0
odisha,2020-10-01,1320844.0
odisha,2020-11-01,1333114.0
odisha,2020-12-01,1483022.0
odisha,2021-01-01,1519358.0
odisha,2021-02-01,1436058.0
odisha,2021-03-01,1613614.0
odisha,2021-04-01,1520703.0
odisha,2021-05-01,1164634.0
odisha,2021-06-01,1334014.0
odisha,2021-07-01,1437320.0
odisha,2021-08-01,1431743.0
odisha,2021-09-01,1367171.0
odisha,2021-10-01,1376144.0
odisha,2021-11-01,1463131.0
odisha,2021-12-01,1616657.0
odisha,2022-01-01,1653853.0
odisha,2022-02-01,1614994.0
odisha,2022-03-01,1853075.0
odisha,2022-04-01,1751669.0
odisha,2022-05-01,1720351.0
odisha,2022-06-01,1555356.0
odisha,2022-07-01,1563017.0
odisha,2022-08-01,1575764.0
odisha,2022-09-01,1760320.0
odisha,2022-10-01,1659896.0
odisha,2022-11-01,1814687.0
odisha,2022-12-01,1983449.0
odisha,2023-01-01,2008540.0
odisha,2023-02-01,2014745.0
odisha,2023-03-01,2185839.0
odisha,2023-04-01,2084758.0
odisha,2023-05-01,2154075.0
odisha,2023-06-01,1956733.0
odisha,2023-07-01,2008995.0
odisha,2023-08-01,2067577.0
odisha,2023-09-01,2062053.0
odisha,2023-10-01,2179950.0
odisha,2023-11-01,2142537.0
odisha,2023-12-01,2242710.0
odisha,2024-01-01,2265344.0
odisha,2024-02-01,2371105.0
odisha,2024-03-01,2435569.0
odisha,2024-04-01,2309751.0
odisha,2024-05-01,2490129.0
odisha,2024-06-01,2281386.0
odisha,2024-07-01,2153741.0
odisha,2024-08-01,2123113.0
odisha,2024-09-01,2196807.0
odisha,2024-10-01,2285860.0
odisha,2024-11-01,2249723.0
odisha,2024-12-01,2310289.0
odisha,2025-01-01,2473044.0
odisha,2025-02-01,2377655.0
odisha,2025-03-01,2734679.0
odisha,2025-04-01,2547185.0
odisha,2025-05-01,2735013.0
odisha,2025-06-01,2438351.0
odisha,2025-07-01,2436961.0
odisha,2025-08-01,2561870.0
odisha,2025-09-01,2693813.0
odisha,2025-10-01,2620435.0
odisha,2025-11-01,2744974.0
odisha,2025-12-01,2945682.0
odisha,2026-01-01,2957907.0
odisha,2026-02-01,2872155.0
odisha,2026-03-01,3173259.0
odisha,2026-04-01,2958005.0
odisha,2026-05-01,3062292.0
odisha,2026-06-01,2937135.0
odisha,2026-07-01,2837572.0
puducherry,2018-07-01,205395.0
puducherry,2018-08-01,222227.0
puducherry,2018-09-01,222108.0
puducherry,2018-10-01,225070.0
puducherry,2018-11-01,194341.0
puducherry,2018-12-01,217110.0
puducherry,2019-01-01,202227.0
puducherry,2019-02-01,207799.0
puducherry,2019-03-01,240893.0
puducherry,2019-04-01,226051.0
puducherry,2019-05-01,244876.0
puducherry,2019-06-01,229325.0
puducherry,2019-07-01,234767.0
puducherry,2019-08-01,222313.0
puducherry,2019-09-01,226444.0
puducherry,2019-10-01,217532.0
puducherry,2019-11-01,218298.0
puducherry,2019-12-01,229694.0
puducherry,2020-01-01,216872.0
puducherry,2020-02-01,230272.0
puducherry,2020-03-01,222366.0
puducherry,2020-04-01,214460.0
puducherry,2020-05-01,206554.0
puducherry,2020-06-01,198648.0
puducherry,2020-07-01,190742.0
puducherry,2020-08-01,192340.0
puducherry,2020-09-01,222571.0
puducherry,2020-10-01,243022.0
puducherry,2020-11-01,213063.0
puducherry,2020-12-01,238637.0
puducherry,2021-01-01,218153.0
puducherry,2021-02-01,230354.0
puducherry,2021-03-01,261320.0
puducherry,2021-04-01,228503.0
puducherry,2021-05-01,147440.0
puducherry,2021-06-01,191678.0
puducherry,2021-07-01,242145.0
puducherry,2021-08-01,252552.0
puducherry,2021-09-01,257423.0
puducherry,2021-10-01,20700.0
puducherry,2021-11-01,218229.0
puducherry,2021-12-01,260343.0
puducherry,2022-01-01,240750.0
puducherry,2022-02-01,247806.0
puducherry,2022-03-01,277318.0
puducherry,2022-04-01,266505.0
puducherry,2022-05-01,278608.0
puducherry,2022-06-01,277525.0
puducherry,2022-07-01,283029.0
puducherry,2022-08-01,284577.0
puducherry,2022-09-01,303477.0
puducherry,2022-10-01,275002.0
puducherry,2022-11-01,282000.0
puducherry,2022-12-01,294797.0
puducherry,2023-01-01,277499.0
puducherry,2023-02-01,278987.0
puducherry,2023-03-01,318838.0
puducherry,2023-04-01,289419.0
puducherry,2023-05-01,307987.0
puducherry,2023-06-01,313857.0
puducherry,2023-07-01,323955.0
puducherry,2023-08-01,326205.0
puducherry,2023-09-01,329225.0
puducherry,2023-10-01,332533.0
puducherry,2023-11-01,298477.0
puducherry,2023-12-01,318039.0
puducherry,2024-01-01,304548.0
puducherry,2024-02-01,316641.0
puducherry,2024-03-01,336256.0
puducherry,2024-04-01,311138.0
puducherry,2024-05-01,337016.0
puducherry,2024-06-01,325809.0
puducherry,2024-07-01,346437.0
puducherry,2024-08-01,342877.0
puducherry,2024-09-01,341881.0
puducherry,2024-10-01,339519.0
puducherry,2024-11-01,312967.0
puducherry,2024-12-01,330708.0
puducherry,2025-01-01,340709.0
puducherry,2025-02-01,322940.0
puducherry,2025-03-01,364330.0
puducherry,2025-04-01,332345.0
puducherry,2025-05-01,358771.0
puducherry,2025-06-01,353460.0
puducherry,2025-07-01,386940.0
puducherry,2025-08-01,360244.0
puducherry,2025-09-01,376766.0
puducherry,2025-10-01,353354.0
puducherry,2025-11-01,363450.0
puducherry,2025-12-01,403876.0
puducherry,2026-01-01,367627.0
puducherry,2026-02-01,369633.0
puducherry,2026-03-01,400436.0
puducherry,2026-04-01,365476.0
puducherry,2026-05-01,379835.0
puducherry,2026-06-01,395898.0
puducherry,2026-07-01,407313.0
punjab,2018-07-01,2586296.0
punjab,2018-08-01,3145934.0
punjab,2018-09-01,2903469.0
punjab,2018-10-01,3124944.0
punjab,2018-11-01,2721605.0
punjab,2018-12-01,2726128.0
punjab,2019-01-01,2642952.0
punjab,2019-02-01,2539092.0
punjab,2019-03-01,2831866.0
punjab,2019-04-01,2725189.0
punjab,2019-05-01,2699771.0
punjab,2019-06-01,2520889.0
punjab,2019-07-01,2637897.0
punjab,2019-08-01,2651288.0
punjab,2019-09-01,3012790.0
punjab,2019-10-01,3259578.0
punjab,2019-11-01,3118959.0
punjab,2019-12-01,2997617.0
punjab,2020-01-01,2916193.0
punjab,2020-02-01,3041723.0
punjab,2020-03-01,3027111.2
punjab,2020-04-01,3012499.4
punjab,2020-05-01,2997887.6
punjab,2020-06-01,2983275.8
punjab,2020-07-01,2968664.0
punjab,2020-08-01,2920801.0
punjab,2020-09-01,3382596.0
punjab,2020-10-01,3934231.0
punjab,2020-11-01,3459672.0
punjab,2020-12-01,3489578.0
punjab,2021-01-01,3242255.0
punjab,2021-02-01,3398111.0
punjab,2021-03-01,3741726.0
punjab,2021-04-01,3260062.0
punjab,2021-05-01,2418749.0
punjab,2021-06-01,3138286.0
punjab,2021-07-01,3404511.0
punjab,2021-08-01,3607620.0
punjab,2021-09-01,3831248.0
punjab,2021-10-01,3862387.0
punjab,2021-11-01,3474291.0
punjab,2021-12-01,3670734.0
punjab,2022-01-01,3225688.0
punjab,2022-02-01,3401432.0
punjab,2022-03-01,3929356.0
punjab,2022-04-01,3745255.0
punjab,2022-05-01,3631144.0
punjab,2022-06-01,3606398.0
punjab,2022-07-01,3736854.0
punjab,2022-08-01,4034605.0
punjab,2022-09-01,4374502.0
punjab,2022-10-01,4199878.0
punjab,2022-11-01,4179895.0
punjab,2022-12-01,4089091.0
punjab,2023-01-01,3829615.0
punjab,2023-02-01,3952179.0
punjab,2023-03-01,4423726.0
punjab,2023-04-01,4039189.0
punjab,2023-05-01,4205974.0
punjab,2023-06-01,4126119.0
punjab,2023-07-01,4044429.0
punjab,2023-08-01,4584559.0
punjab,2023-09-01,4745748.0
punjab,2023-10-01,5161227.0
punjab,2023-11-01,4451754.0
punjab,2023-12-01,4526319.0
punjab,2024-01-01,4323798.0
punjab,2024-02-01,4446226.0
punjab,2024-03-01,4826442.0
punjab,2024-04-01,4609593.0
punjab,2024-05-01,4934495.0
punjab,2024-06-01,4656995.0
punjab,2024-07-01,4848353.0
punjab,2024-08-01,4985786.0
punjab,2024-09-01,5340903.0
punjab,2024-10-01,5848161.0
punjab,2024-11-01,4958506.0
punjab,2024-12-01,5077650.0
punjab,2025-01-01,5285669.0
punjab,2025-02-01,4978554.0
punjab,2025-03-01,5665808.0
punjab,2025-04-01,5467440.0
punjab,2025-05-01,5475317.0
punjab,2025-06-01,5309261.0
punjab,2025-07-01,5852198.0
punjab,2025-08-01,5954994.0
punjab,2025-09-01,6371921.0
punjab,2025-10-01,6585272.0
punjab,2025-11-01,6728593.0
punjab,2025-12-01,6695332.0
punjab,2026-01-01,6378650.0
punjab,2026-02-01,6381734.0
punjab,2026-03-01,6819998.0
punjab,2026-04-01,6310237.0
punjab,2026-05-01,6408513.0
punjab,2026-06-01,6361345.0
punjab,2026-07-01,6446376.0
rajasthan,2018-07-01,3104973.0
rajasthan,2018-08-01,3467590.0
rajasthan,2018-09-01,3353594.0
rajasthan,2018-10-01,3942703.0
rajasthan,2018-11-01,3068146.0
rajasthan,2018-12-01,3415240.0
rajasthan,2019-01-01,3672584.0
rajasthan,2019-02-01,3551427.0
rajasthan,2019-03-01,3769170.0
rajasthan,2019-04-01,3797692.0
rajasthan,2019-05-01,3831986.0
rajasthan,2019-06-01,3496107.0
rajasthan,2019-07-01,3561962.0
rajasthan,2019-08-01,3342849.0
rajasthan,2019-09-01,3634375.0
rajasthan,2019-10-01,3874299.0
rajasthan,2019-11-01,3739911.0
rajasthan,2019-12-01,3865302.0
rajasthan,2020-01-01,3859736.0
rajasthan,2020-02-01,3962142.0
rajasthan,2020-03-01,3894042.4
rajasthan,2020-04-01,3825942.8
rajasthan,2020-05-01,3757843.2
rajasthan,2020-06-01,3689743.6
rajasthan,2020-07-01,3621644.0
rajasthan,2020-08-01,3408758.0
rajasthan,2020-09-01,3899768.0
rajasthan,2020-10-01,4612791.0
rajasthan,2020-11-01,3904793.0
rajasthan,2020-12-01,4216232.0
rajasthan,2021-01-01,4246568.0
rajasthan,2021-02-01,4245531.0
rajasthan,2021-03-01,4731617.0
rajasthan,2021-04-01,3536310.0
rajasthan,2021-05-01,2046953.0
rajasthan,2021-06-01,3325249.0
rajasthan,2021-07-01,3927776.0
rajasthan,2021-08-01,3957290.0
rajasthan,2021-09-01,4094263.0
rajasthan,2021-10-01,3972862.0
rajasthan,2021-11-01,3613437.0
rajasthan,2021-12-01,4283188.0
rajasthan,2022-01-01,4117202.0
rajasthan,2022-02-01,4193341.0
rajasthan,2022-03-01,4695526.0
rajasthan,2022-04-01,4526611.0
rajasthan,2022-05-01,4229137.0
rajasthan,2022-06-01,4210043.0
rajasthan,2022-07-01,4188373.0
rajasthan,2022-08-01,4275195.0
rajasthan,2022-09-01,4826358.0
rajasthan,2022-10-01,4440029.0
rajasthan,2022-11-01,4591700.0
rajasthan,2022-12-01,4694276.0
rajasthan,2023-01-01,4629307.0
rajasthan,2023-02-01,4626549.0
rajasthan,2023-03-01,4897285.0
rajasthan,2023-04-01,4767641.0
rajasthan,2023-05-01,4831653.0
rajasthan,2023-06-01,4565432.0
rajasthan,2023-07-01,4671614.0
rajasthan,2023-08-01,5000419.0
rajasthan,2023-09-01,4982139.0
rajasthan,2023-10-01,5699784.0
rajasthan,2023-11-01,4460094.0
rajasthan,2023-12-01,5048013.0
rajasthan,2024-01-01,5069987.0
rajasthan,2024-02-01,5076062.0
rajasthan,2024-03-01,5301046.0
rajasthan,2024-04-01,5128905.0
rajasthan,2024-05-01,5501247.0
rajasthan,2024-06-01,5208612.0
rajasthan,2024-07-01,5318770.0
rajasthan,2024-08-01,5000310.0
rajasthan,2024-09-01,5549548.0
rajasthan,2024-10-01,6254828.0
rajasthan,2024-11-01,5096898.0
rajasthan,2024-12-01,5575043.0
rajasthan,2025-01-01,6060908.0
rajasthan,2025-02-01,5715941.0
rajasthan,2025-03-01,6196980.0
rajasthan,2025-04-01,6129743.0
rajasthan,2025-05-01,6170777.0
rajasthan,2025-06-01,5790450.0
rajasthan,2025-07-01,6233741.0
rajasthan,2025-08-01,6035801.0
rajasthan,2025-09-01,6570016.0
rajasthan,2025-10-01,6256499.0
rajasthan,2025-11-01,6370596.0
rajasthan,2025-12-01,6641099.0
rajasthan,2026-01-01,6792151.0
rajasthan,2026-02-01,6718552.0
rajasthan,2026-03-01,6916005.0
rajasthan,2026-04-01,6700537.0
rajasthan,2026-05-01,6796789.0
rajasthan,2026-06-01,6572911.0
rajasthan,2026-07-01,6734974.0
sikkim,2018-07-01,33008.0
sikkim,2018-08-01,34229.0
sikkim,2018-09-01,32879.0
sikkim,2018-10-01,35281.0
sikkim,2018-11-01,33984.0
sikkim,2018-12-01,34249.0
sikkim,2019-01-01,34696.0
sikkim,2019-02-01,32286.0
sikkim,2019-03-01,37213.0
sikkim,2019-04-01,35408.0
sikkim,2019-05-01,39527.0
sikkim,2019-06-01,37719.0
sikkim,2019-07-01,37809.0
sikkim,2019-08-01,40596.0
sikkim,2019-09-01,41984.0
sikkim,2019-10-01,34650.0
sikkim,2019-11-01,41601.0
sikkim,2019-12-01,40198.0
sikkim,2020-01-01,41536.0
sikkim,2020-02-01,40752.0
sikkim,2020-03-01,37027.8
sikkim,2020-04-01,33303.6
sikkim,2020-05-01,29579.4
sikkim,2020-06-01,25855.2
sikkim,2020-07-01,22131.0
sikkim,2020-08-01,23601.0
sikkim,2020-09-01,30411.0
sikkim,2020-10-01,37033.0
sikkim,2020-11-01,35264.0
sikkim,2020-12-01,41514.0
sikkim,2021-01-01,38300.0
sikkim,2021-02-01,39577.0
sikkim,2021-03-01,43566.0
sikkim,2021-04-01,43595.0
sikkim,2021-05-01,30084.0
sikkim,2021-06-01,33838.0
sikkim,2021-07-01,37593.0
sikkim,2021-08-01,38996.0
sikkim,2021-09-01,45299.0
sikkim,2021-10-01,33007.0
sikkim,2021-11-01,45680.0
sikkim,2021-12-01,52793.0
sikkim,2022-01-01,49489.0
sikkim,2022-02-01,46847.0
sikkim,2022-03-01,51616.0
sikkim,2022-04-01,49338.0
sikkim,2022-05-01,51356.0
sikkim,2022-06-01,51192.0
sikkim,2022-07-01,53016.0
sikkim,2022-08-01,56802.0
sikkim,2022-09-01,83816.0
sikkim,2022-10-01,64932.0
sikkim,2022-11-01,81775.0
sikkim,2022-12-01,77280.0
sikkim,2023-01-01,70814.0
sikkim,2023-02-01,67302.0
sikkim,2023-03-01,76548.0
sikkim,2023-04-01,73355.0
sikkim,2023-05-01,75516.0
sikkim,2023-06-01,73609.0
sikkim,2023-07-01,69272.0
sikkim,2023-08-01,69283.0
sikkim,2023-09-01,69227.0
sikkim,2023-10-01,45480.0
sikkim,2023-11-01,57445.0
sikkim,2023-12-01,67768.0
sikkim,2024-01-01,64973.0
sikkim,2024-02-01,67225.0
sikkim,2024-03-01,69412.0
sikkim,2024-04-01,63848.0
sikkim,2024-05-01,72561.0
sikkim,2024-06-01,53061.0
sikkim,2024-07-01,53098.0
sikkim,2024-08-01,57682.0
sikkim,2024-09-01,64103.0
sikkim,2024-10-01,62604.0
sikkim,2024-11-01,60215.0
sikkim,2024-12-01,73810.0
sikkim,2025-01-01,87525.0
sikkim,2025-02-01,78364.0
sikkim,2025-03-01,90938.0
sikkim,2025-04-01,90511.0
sikkim,2025-05-01,91743.0
sikkim,2025-06-01,80981.0
sikkim,2025-07-01,85618.0
sikkim,2025-08-01,76953.0
sikkim,2025-09-01,85518.0
sikkim,2025-10-01,66851.0
sikkim,2025-11-01,83509.0
sikkim,2025-12-01,87223.0
sikkim,2026-01-01,84256.0
sikkim,2026-02-01,83062.0
sikkim,2026-03-01,85924.0
sikkim,2026-04-01,83170.0
sikkim,2026-05-01,85711.0
sikkim,2026-06-01,86493.0
sikkim,2026-07-01,85525.0
tamil nadu,2018-07-01,5693020.0
tamil nadu,2018-08-01,6069671.0
tamil nadu,2018-09-01,6224747.0
tamil nadu,2018-10-01,6400566.0
tamil nadu,2018-11-01,5339024.0
tamil nadu,2018-12-01,6122206.0
tamil nadu,2019-01-01,5775559.0
tamil nadu,2019-02-01,6053333.0
tamil nadu,2019-03-01,6779351.0
tamil nadu,2019-04-01,6317428.0
tamil nadu,2019-05-01,6803629.0
tamil nadu,2019-06-01,6436126.0
tamil nadu,2019-07-01,6825277.0
tamil nadu,2019-08-01,6617861.0
tamil nadu,2019-09-01,6508144.0
tamil nadu,2019-10-01,6239925.0
tamil nadu,2019-11-01,6310682.0
tamil nadu,2019-12-01,6530393.0
tamil nadu,2020-01-01,6344525.0
tamil nadu,2020-02-01,6741262.0
tamil nadu,2020-03-01,6515243.2
tamil nadu,2020-04-01,6289224.4
tamil nadu,2020-05-01,6063205.6
tamil nadu,2020-06-01,5837186.8
tamil nadu,2020-07-01,5611168.0
tamil nadu,2020-08-01,6035252.0
tamil nadu,2020-09-01,6940263.0
tamil nadu,2020-10-01,7646723.0
tamil nadu,2020-11-01,6625517.0
tamil nadu,2020-12-01,7960112.0
tamil nadu,2021-01-01,7283702.0
tamil nadu,2021-02-01,7696254.0
tamil nadu,2021-03-01,8756830.0
tamil nadu,2021-04-01,7663760.0
tamil nadu,2021-05-01,4484764.0
tamil nadu,2021-06-01,6108157.0
tamil nadu,2021-07-01,8422548.0
tamil nadu,2021-08-01,8593687.0
tamil nadu,2021-09-01,8899446.0
tamil nadu,2021-10-01,1143671.0
tamil nadu,2021-11-01,7211397.0
tamil nadu,2021-12-01,8983914.0
tamil nadu,2022-01-01,8327509.0
tamil nadu,2022-02-01,8551731.0
tamil nadu,2022-03-01,9793887.0
tamil nadu,2022-04-01,9312172.0
tamil nadu,2022-05-01,9442131.0
tamil nadu,2022-06-01,9728643.0
tamil nadu,2022-07-01,10109508.0
tamil nadu,2022-08-01,10322804.0
tamil nadu,2022-09-01,10986217.0
tamil nadu,2022-10-01,9680083.0
tamil nadu,2022-11-01,10149051.0
tamil nadu,2022-12-01,10842838.0
tamil nadu,2023-01-01,10206026.0
tamil nadu,2023-02-01,10429662.0
tamil nadu,2023-03-01,11912855.0
tamil nadu,2023-04-01,10876665.0
tamil nadu,2023-05-01,11469484.0
tamil nadu,2023-06-01,11758281.0
tamil nadu,2023-07-01,12099160.0
tamil nadu,2023-08-01,12543708.0
tamil nadu,2023-09-01,12478754.0
tamil nadu,2023-10-01,12745044.0
tamil nadu,2023-11-01,11283667.0
tamil nadu,2023-12-01,11963129.0
tamil nadu,2024-01-01,11944744.0
tamil nadu,2024-02-01,12545650.0
tamil nadu,2024-03-01,13513979.0
tamil nadu,2024-04-01,12299847.0
tamil nadu,2024-05-01,13145312.0
tamil nadu,2024-06-01,12904679.0
tamil nadu,2024-07-01,13726327.0
tamil nadu,2024-08-01,13855889.0
tamil nadu,2024-09-01,13814758.0
tamil nadu,2024-10-01,13884667.0
tamil nadu,2024-11-01,12434648.0
tamil nadu,2024-12-01,13431082.0
tamil nadu,2025-01-01,13574724.0
tamil nadu,2025-02-01,13345370.0
tamil nadu,2025-03-01,14851233.0
tamil nadu,2025-04-01,13890614.0
tamil nadu,2025-05-01,14606830.0
tamil nadu,2025-06-01,14526118.0
tamil nadu,2025-07-01,15918407.0
tamil nadu,2025-08-01,15579297.0
tamil nadu,2025-09-01,16324360.0
tamil nadu,2025-10-01,14913044.0
tamil nadu,2025-11-01,15290452.0
tamil nadu,2025-12-01,16525047.0
tamil nadu,2026-01-01,15348391.0
tamil nadu,2026-02-01,15582079.0
tamil nadu,2026-03-01,17078420.0
tamil nadu,2026-04-01,15596277.0
tamil nadu,2026-05-01,15982456.0
tamil nadu,2026-06-01,16736153.0
tamil nadu,2026-07-01,17712981.0
telangana,2018-07-01,1957402.0
telangana,2018-08-01,2230666.0
telangana,2018-09-01,2166561.0
telangana,2018-10-01,2255699.0
telangana,2018-11-01,2151128.0
telangana,2018-12-01,2240357.0
telangana,2019-01-01,2303141.0
telangana,2019-02-01,2328180.0
telangana,2019-03-01,2538597.0
telangana,2019-04-01,2267041.0
telangana,2019-05-01,2457010.0
telangana,2019-06-01,2309907.0
telangana,2019-07-01,2478700.0
telangana,2019-08-01,2501446.0
telangana,2019-09-01,2503144.0
telangana,2019-10-01,2499666.0
telangana,2019-11-01,2582307.0
telangana,2019-12-01,2937404.0
telangana,2020-01-01,3006673.0
telangana,2020-02-01,3053204.0
telangana,2020-03-01,3000100.2
telangana,2020-04-01,2946996.4
telangana,2020-05-01,2893892.6
telangana,2020-06-01,2840788.8
telangana,2020-07-01,2787685.0
telangana,2020-08-01,2734881.0
telangana,2020-09-01,3226086.0
telangana,2020-10-01,3266867.0
telangana,2020-11-01,3251822.0
telangana,2020-12-01,3784979.0
telangana,2021-01-01,3534942.0
telangana,2021-02-01,3529281.0
telangana,2021-03-01,3974757.0
telangana,2021-04-01,3612253.0
telangana,2021-05-01,2788594.0
telangana,2021-06-01,3390556.0
telangana,2021-07-01,3946322.0
telangana,2021-08-01,3920912.0
telangana,2021-09-01,3952200.0
telangana,2021-10-01,3350790.0
telangana,2021-11-01,3710785.0
telangana,2021-12-01,4249307.0
telangana,2022-01-01,4019860.0
telangana,2022-02-01,3984978.0
telangana,2022-03-01,4503776.0
telangana,2022-04-01,4285043.0
telangana,2022-05-01,4173524.0
telangana,2022-06-01,4294712.0
telangana,2022-07-01,4415824.0
telangana,2022-08-01,4553557.0
telangana,2022-09-01,4799958.0
telangana,2022-10-01,4304513.0
telangana,2022-11-01,4521095.0
telangana,2022-12-01,4974792.0
telangana,2023-01-01,4605496.0
telangana,2023-02-01,4463021.0
telangana,2023-03-01,4912140.0
telangana,2023-04-01,4598647.0
telangana,2023-05-01,4749595.0
telangana,2023-06-01,4714280.0
telangana,2023-07-01,4753570.0
telangana,2023-08-01,5193559.0
telangana,2023-09-01,5036147.0
telangana,2023-10-01,5421184.0
telangana,2023-11-01,5084384.0
telangana,2023-12-01,5529743.0
telangana,2024-01-01,5500206.0
telangana,2024-02-01,5496487.0
telangana,2024-03-01,5826614.0
telangana,2024-04-01,5450557.0
telangana,2024-05-01,5672245.0
telangana,2024-06-01,5801715.0
telangana,2024-07-01,6262184.0
telangana,2024-08-01,6432178.0
telangana,2024-09-01,6287903.0
telangana,2024-10-01,6526561.0
telangana,2024-11-01,6152173.0
telangana,2024-12-01,6620559.0
telangana,2025-01-01,6742028.0
telangana,2025-02-01,6315687.0
telangana,2025-03-01,6972616.0
telangana,2025-04-01,6608408.0
telangana,2025-05-01,6791183.0
telangana,2025-06-01,6903115.0
telangana,2025-07-01,7722473.0
telangana,2025-08-01,7467892.0
telangana,2025-09-01,7547490.0
telangana,2025-10-01,7418691.0
telangana,2025-11-01,7488360.0
telangana,2025-12-01,8238570.0
telangana,2026-01-01,7875865.0
telangana,2026-02-01,7443611.0
telangana,2026-03-01,8090646.0
telangana,2026-04-01,7680102.0
telangana,2026-05-01,7704869.0
telangana,2026-06-01,7993270.0
telangana,2026-07-01,8447660.0
tripura,2018-07-01,36789.0
tripura,2018-08-01,50969.0
tripura,2018-09-01,46821.0
tripura,2018-10-01,39221.0
tripura,2018-11-01,45287.0
tripura,2018-12-01,48469.0
tripura,2019-01-01,47446.0
tripura,2019-02-01,49110.0
tripura,2019-03-01,54599.0
tripura,2019-04-01,47672.0
tripura,2019-05-01,54511.0
tripura,2019-06-01,47559.0
tripura,2019-07-01,52341.0
tripura,2019-08-01,62218.0
tripura,2019-09-01,58391.0
tripura,2019-10-01,47743.0
tripura,2019-11-01,60765.0
tripura,2019-12-01,53327.0
tripura,2020-01-01,55994.0
tripura,2020-02-01,61419.0
tripura,2020-03-01,58933.4
tripura,2020-04-01,56447.8
tripura,2020-05-01,53962.2
tripura,2020-06-01,51476.6
tripura,2020-07-01,48991.0
tripura,2020-08-01,59522.0
tripura,2020-09-01,61397.0
tripura,2020-10-01,61999.0
tripura,2020-11-01,63543.0
tripura,2020-12-01,71784.0
tripura,2021-01-01,70552.0
tripura,2021-02-01,71206.0
tripura,2021-03-01,76183.0
tripura,2021-04-01,68679.0
tripura,2021-05-01,48941.0
tripura,2021-06-01,52519.0
tripura,2021-07-01,61779.0
tripura,2021-08-01,74258.0
tripura,2021-09-01,78288.0
tripura,2021-10-01,66618.0
tripura,2021-11-01,78496.0
tripura,2021-12-01,84573.0
tripura,2022-01-01,79349.0
tripura,2022-02-01,79838.0
tripura,2022-03-01,90529.0
tripura,2022-04-01,81825.0
tripura,2022-05-01,76440.0
tripura,2022-06-01,68992.0
tripura,2022-07-01,82625.0
tripura,2022-08-01,94744.0
tripura,2022-09-01,88743.0
tripura,2022-10-01,73782.0
tripura,2022-11-01,91251.0
tripura,2022-12-01,97346.0
tripura,2023-01-01,89583.0
tripura,2023-02-01,84166.0
tripura,2023-03-01,93794.0
tripura,2023-04-01,90254.0
tripura,2023-05-01,100401.0
tripura,2023-06-01,85832.0
tripura,2023-07-01,95001.0
tripura,2023-08-01,98756.0
tripura,2023-09-01,101368.0
tripura,2023-10-01,93014.0
tripura,2023-11-01,101315.0
tripura,2023-12-01,105922.0
tripura,2024-01-01,101693.0
tripura,2024-02-01,107548.0
tripura,2024-03-01,118988.0
tripura,2024-04-01,100659.0
tripura,2024-05-01,101359.0
tripura,2024-06-01,89046.0
tripura,2024-07-01,98488.0
tripura,2024-08-01,93352.0
tripura,2024-09-01,102188.0
tripura,2024-10-01,93787.0
tripura,2024-11-01,107377.0
tripura,2024-12-01,111281.0
tripura,2025-01-01,113665.0
tripura,2025-02-01,109037.0
tripura,2025-03-01,126552.0
tripura,2025-04-01,107397.0
tripura,2025-05-01,109776.0
tripura,2025-06-01,92430.0
tripura,2025-07-01,108907.0
tripura,2025-08-01,114564.0
tripura,2025-09-01,107786.0
tripura,2025-10-01,101038.0
tripura,2025-11-01,116562.0
tripura,2025-12-01,126831.0
tripura,2026-01-01,120258.0
tripura,2026-02-01,122266.0
tripura,2026-03-01,137850.0
tripura,2026-04-01,110801.0
tripura,2026-05-01,110850.0
tripura,2026-06-01,109878.0
tripura,2026-07-01,109743.0
uttar pradesh,2018-07-01,5057857.0
uttar pradesh,2018-08-01,5452811.0
uttar pradesh,2018-09-01,5716383.0
uttar pradesh,2018-10-01,6689723.0
uttar pradesh,2018-11-01,5365714.0
uttar pradesh,2018-12-01,5997872.0
uttar pradesh,2019-01-01,6248927.0
uttar pradesh,2019-02-01,5983836.0
uttar pradesh,2019-03-01,6539745.0
uttar pradesh,2019-04-01,6639500.0
uttar pradesh,2019-05-01,6639224.0
uttar pradesh,2019-06-01,5723826.0
uttar pradesh,2019-07-01,5682343.0
uttar pradesh,2019-08-01,5765695.0
uttar pradesh,2019-09-01,6118468.0
uttar pradesh,2019-10-01,6499381.0
uttar pradesh,2019-11-01,6332104.0
uttar pradesh,2019-12-01,6133478.0
uttar pradesh,2020-01-01,6565008.0
uttar pradesh,2020-02-01,6662435.0
uttar pradesh,2020-03-01,6460833.2
uttar pradesh,2020-04-01,6259231.4
uttar pradesh,2020-05-01,6057629.6
uttar pradesh,2020-06-01,5856027.8
uttar pradesh,2020-07-01,5654426.0
uttar pradesh,2020-08-01,5513861.0
uttar pradesh,2020-09-01,6466638.0
uttar pradesh,2020-10-01,7654980.0
uttar pradesh,2020-11-01,6687123.0
uttar pradesh,2020-12-01,6878586.0
uttar pradesh,2021-01-01,6822068.0
uttar pradesh,2021-02-01,7224302.0
uttar pradesh,2021-03-01,8075795.0
uttar pradesh,2021-04-01,6519517.0
uttar pradesh,2021-05-01,4290387.0
uttar pradesh,2021-06-01,6162512.0
uttar pradesh,2021-07-01,6711107.0
uttar pradesh,2021-08-01,6948408.0
uttar pradesh,2021-09-01,7639503.0
uttar pradesh,2021-10-01,7560194.0
uttar pradesh,2021-11-01,7031474.0
uttar pradesh,2021-12-01,7868181.0
uttar pradesh,2022-01-01,7687985.0
uttar pradesh,2022-02-01,7622722.0
uttar pradesh,2022-03-01,8725775.0
uttar pradesh,2022-04-01,8770552.0
uttar pradesh,2022-05-01,8156187.0
uttar pradesh,2022-06-01,7954600.0
uttar pradesh,2022-07-01,7951713.0
uttar pradesh,2022-08-01,8170101.0
uttar pradesh,2022-09-01,9069866.0
uttar pradesh,2022-10-01,8419096.0
uttar pradesh,2022-11-01,8812323.0
uttar pradesh,2022-12-01,8958196.0
uttar pradesh,2023-01-01,9008047.0
uttar pradesh,2023-02-01,9241315.0
uttar pradesh,2023-03-01,10035891.0
uttar pradesh,2023-04-01,9642209.0
uttar pradesh,2023-05-01,9925304.0
uttar pradesh,2023-06-01,9370756.0
uttar pradesh,2023-07-01,9409473.0
uttar pradesh,2023-08-01,9937847.0
uttar pradesh,2023-09-01,10287640.0
uttar pradesh,2023-10-01,11685609.0
uttar pradesh,2023-11-01,9990960.0
uttar pradesh,2023-12-01,10713953.0
uttar pradesh,2024-01-01,10833869.0
uttar pradesh,2024-02-01,11497690.0
uttar pradesh,2024-03-01,12198342.0
uttar pradesh,2024-04-01,11352036.0
uttar pradesh,2024-05-01,12033318.0
uttar pradesh,2024-06-01,11480736.0
uttar pradesh,2024-07-01,11436907.0
uttar pradesh,2024-08-01,11662010.0
uttar pradesh,2024-09-01,12883006.0
uttar pradesh,2024-10-01,14476978.0
uttar pradesh,2024-11-01,12165846.0
uttar pradesh,2024-12-01,13352816.0
uttar pradesh,2025-01-01,14436692.0
uttar pradesh,2025-02-01,13982778.0
uttar pradesh,2025-03-01,15956815.0
uttar pradesh,2025-04-01,15403322.0
uttar pradesh,2025-05-01,15542093.0
uttar pradesh,2025-06-01,14880551.0
uttar pradesh,2025-07-01,16132215.0
uttar pradesh,2025-08-01,16263756.0
uttar pradesh,2025-09-01,16447818.0
uttar pradesh,2025-10-01,15424632.0
uttar pradesh,2025-11-01,15045431.0
uttar pradesh,2025-12-01,15762117.0
uttar pradesh,2026-01-01,16117046.0
uttar pradesh,2026-02-01,15620695.0
uttar pradesh,2026-03-01,15913311.0
uttar pradesh,2026-04-01,15119125.0
uttar pradesh,2026-05-01,15309029.0
uttar pradesh,2026-06-01,14793869.0
uttar pradesh,2026-07-01,14754474.0
uttarakhand,2018-07-01,1200688.0
uttarakhand,2018-08-01,1193026.0
uttarakhand,2018-09-01,1340386.0
uttarakhand,2018-10-01,1458912.0
uttarakhand,2018-11-01,1142608.0
uttarakhand,2018-12-01,1181605.0
uttarakhand,2019-01-01,1234402.0
uttarakhand,2019-02-01,1218954.0
uttarakhand,2019-03-01,1358153.0
uttarakhand,2019-04-01,1259335.0
uttarakhand,2019-05-01,1349083.0
uttarakhand,2019-06-01,1203779.0
uttarakhand,2019-07-01,1148226.0
uttarakhand,2019-08-01,1143331.0
uttarakhand,2019-09-01,1201643.0
uttarakhand,2019-10-01,1186540.0
uttarakhand,2019-11-01,1259211.0
uttarakhand,2019-12-01,1208181.0
uttarakhand,2020-01-01,1267427.0
uttarakhand,2020-02-01,1240594.0
uttarakhand,2020-03-01,1226317.2
uttarakhand,2020-04-01,1212040.4
uttarakhand,2020-05-01,1197763.6
uttarakhand,2020-06-01,1183486.8
uttarakhand,2020-07-01,1169210.0
uttarakhand,2020-08-01,1179963.0
uttarakhand,2020-09-01,1378380.0
uttarakhand,2020-10-01,1550477.0
uttarakhand,2020-11-01,1330770.0
uttarakhand,2020-12-01,1399371.0
uttarakhand,2021-01-01,1396556.0
uttarakhand,2021-02-01,1410254.0
uttarakhand,2021-03-01,1553763.0
uttarakhand,2021-04-01,1272603.0
uttarakhand,2021-05-01,789469.0
uttarakhand,2021-06-01,1094765.0
uttarakhand,2021-07-01,1302060.0
uttarakhand,2021-08-01,1313666.0
uttarakhand,2021-09-01,1444994.0
uttarakhand,2021-10-01,1402551.0
uttarakhand,2021-11-01,1270200.0
uttarakhand,2021-12-01,1412556.0
uttarakhand,2022-01-01,1354959.0
uttarakhand,2022-02-01,1342917.0
uttarakhand,2022-03-01,1571306.0
uttarakhand,2022-04-01,1514114.0
uttarakhand,2022-05-01,1536886.0
uttarakhand,2022-06-01,1572165.0
uttarakhand,2022-07-01,1496880.0
uttarakhand,2022-08-01,1591085.0
uttarakhand,2022-09-01,1664959.0
uttarakhand,2022-10-01,1550296.0
uttarakhand,2022-11-01,1600619.0
uttarakhand,2022-12-01,1626469.0
uttarakhand,2023-01-01,1590953.0
uttarakhand,2023-02-01,1579373.0
uttarakhand,2023-03-01,1758474.0
uttarakhand,2023-04-01,1641473.0
uttarakhand,2023-05-01,1736508.0
uttarakhand,2023-06-01,1623046.0
uttarakhand,2023-07-01,1594726.0
uttarakhand,2023-08-01,1722644.0
uttarakhand,2023-09-01,1806318.0
uttarakhand,2023-10-01,1956173.0
uttarakhand,2023-11-01,1661885.0
uttarakhand,2023-12-01,1746079.0
uttarakhand,2024-01-01,1759741.0
uttarakhand,2024-02-01,1768776.0
uttarakhand,2024-03-01,1854993.0
uttarakhand,2024-04-01,1755386.0
uttarakhand,2024-05-01,2010331.0
uttarakhand,2024-06-01,1905317.0
uttarakhand,2024-07-01,1773604.0
uttarakhand,2024-08-01,1832841.0
uttarakhand,2024-09-01,1957482.0
uttarakhand,2024-10-01,2136763.0
uttarakhand,2024-11-01,1862753.0
uttarakhand,2024-12-01,1967269.0
uttarakhand,2025-01-01,2096206.0
uttarakhand,2025-02-01,2018297.0
uttarakhand,2025-03-01,2282611.0
uttarakhand,2025-04-01,2216853.0
uttarakhand,2025-05-01,2347695.0
uttarakhand,2025-06-01,2196358.0
uttarakhand,2025-07-01,2238491.0
uttarakhand,2025-08-01,2295493.0
uttarakhand,2025-09-01,2524318.0
uttarakhand,2025-10-01,2397934.0
uttarakhand,2025-11-01,2426176.0
uttarakhand,2025-12-01,2545722.0
uttarakhand,2026-01-01,2641063.0
uttarakhand,2026-02-01,2513071.0
uttarakhand,2026-03-01,2644647.0
uttarakhand,2026-04-01,2418379.0
uttarakhand,2026-05-01,2548490.0
uttarakhand,2026-06-01,2435683.0
uttarakhand,2026-07-01,2506908.0
west bengal,2018-07-01,2431897.0
west bengal,2018-08-01,2695650.0
west bengal,2018-09-01,2714672.0
west bengal,2018-10-01,2424311.0
west bengal,2018-11-01,2412552.0
west bengal,2018-12-01,2564151.0
west bengal,2019-01-01,2679709.0
west bengal,2019-02-01,2654787.0
west bengal,2019-03-01,2930078.0
west bengal,2019-04-01,2859129.0
west bengal,2019-05-01,2861974.0
west bengal,2019-06-01,2570554.0
west bengal,2019-07-01,2846642.0
west bengal,2019-08-01,2951619.0
west bengal,2019-09-01,2984384.0
west bengal,2019-10-01,2513727.0
west bengal,2019-11-01,2848695.0
west bengal,2019-12-01,2864882.0
west bengal,2020-01-01,2994025.0
west bengal,2020-02-01,3124846.0
west bengal,2020-03-01,3029983.4
west bengal,2020-04-01,2935120.8
west bengal,2020-05-01,2840258.2
west bengal,2020-06-01,2745395.6
west bengal,2020-07-01,2650533.0
west bengal,2020-08-01,2627027.0
west bengal,2020-09-01,3183191.0
west bengal,2020-10-01,3138683.0
west bengal,2020-11-01,3170922.0
west bengal,2020-12-01,3607702.0
west bengal,2021-01-01,3550014.0
west bengal,2021-02-01,3441516.0
west bengal,2021-03-01,3884817.0
west bengal,2021-04-01,3431255.0
west bengal,2021-05-01,2204224.0
west bengal,2021-06-01,2821607.0
west bengal,2021-07-01,3480450.0
west bengal,2021-08-01,3714323.0
west bengal,2021-09-01,3910736.0
west bengal,2021-10-01,3072718.0
west bengal,2021-11-01,3562352.0
west bengal,2021-12-01,3934178.0
west bengal,2022-01-01,3811545.0
west bengal,2022-02-01,3740157.0
west bengal,2022-03-01,4284004.0
west bengal,2022-04-01,4231242.0
west bengal,2022-05-01,3979078.0
west bengal,2022-06-01,3965978.0
west bengal,2022-07-01,4169361.0
west bengal,2022-08-01,4518479.0
west bengal,2022-09-01,4762198.0
west bengal,2022-10-01,3822384.0
west bengal,2022-11-01,4385293.0
west bengal,2022-12-01,4581604.0
west bengal,2023-01-01,4542409.0
west bengal,2023-02-01,4696512.0
west bengal,2023-03-01,5180338.0
west bengal,2023-04-01,4682910.0
west bengal,2023-05-01,4956612.0
west bengal,2023-06-01,4774800.0
west bengal,2023-07-01,4901240.0
west bengal,2023-08-01,5431710.0
west bengal,2023-09-01,5471100.0
west bengal,2023-10-01,4941304.0
west bengal,2023-11-01,4811005.0
west bengal,2023-12-01,5478296.0
west bengal,2024-01-01,5696430.0
west bengal,2024-02-01,5520731.0
west bengal,2024-03-01,5798842.0
west bengal,2024-04-01,5415114.0
west bengal,2024-05-01,5659793.0
west bengal,2024-06-01,5339091.0
west bengal,2024-07-01,5751137.0
west bengal,2024-08-01,5941055.0
west bengal,2024-09-01,6295310.0
west bengal,2024-10-01,5869695.0
west bengal,2024-11-01,5786446.0
west bengal,2024-12-01,6240019.0
west bengal,2025-01-01,6720662.0
west bengal,2025-02-01,6410502.0
west bengal,2025-03-01,7039545.0
west bengal,2025-04-01,6690503.0
west bengal,2025-05-01,7029328.0
west bengal,2025-06-01,6720544.0
west bengal,2025-07-01,7569056.0
west bengal,2025-08-01,7918024.0
west bengal,2025-09-01,7579774.0
west bengal,2025-10-01,7148957.0
west bengal,2025-11-01,7545925.0
west bengal,2025-12-01,8228781.0
west bengal,2026-01-01,8171882.0
west bengal,2026-02-01,8179353.0
west bengal,2026-03-01,8277353.0
west bengal,2026-04-01,7772836.0
west bengal,2026-05-01,7905379.0
west bengal,2026-06-01,7843399.0
west bengal,2026-07-01,8005465.0
